keyword,competition
embroidered sweatshirt,
pet portrait embroidery,
embroidered mama hoodie,
custom pet embroidery shirt,
birth month flower embroidery,
chenille name bag,
embroidered tote bag,
monogram beach towel,
embroidered baby blanket,
custom name necklace,
birth flower necklace,
grandma gift necklace,
memorial jewelry gift,
daughter gift necklace,
clear concert bag,
transparent stadium bag,
custom travel bag,
toiletry organizer,
personalized makeup pouch,
bridesmaid proposal bag,
teacher tote bag,
nurse badge reel,
dog mom sweatshirt,
matching couple hoodies,
custom pet portrait mug,
wedding welcome sign,
baby milestone blanket,
life purpose,42
love guidance,129
lucky girls,10
twin flame,118
beach bag insert,28
no cards,21
clairvoyant etsy,16
telepathic insights,28
preppy travel,10
nameplate necklace,46
aesthetic bag,173
custom bar necklace,12
no tools,66
custom chenille bag,7
summer travel bag,54
tiny name necklace,15
personalize necklace,74
kids name necklace,99
multi name necklace,13
double name necklace,8
personalized pouch,260
gold name necklace,166
same hour,158
made to order,626
silver name necklace,40
next 12 month,31
extremely detailed,30
family name necklace,78
twin flame message,41
toddler necklace,18
dainty name necklace,65
positive manifest,51
second,12
grave site decor,33
heart necklace,206
make them chase you,30
travel makeup bag,483
summer pouch,34
lucky,357
concert purse,30
