sku,product_title,variant_title,base_cost_usd,type,shape,metal,engravings,artwork_min_w,artwork_min_h
SO-7624500,Dog Tag Necklace - Engraving,Buyer Upload Dog Tag & Ball Chain (Steel),9.50,dog-chain,dogtag,stainless,0,1096,2000
SO-7624501,Heart Necklace - Engraving,Snake Chain (Silver),9.50,necklace,heart,stainless,0,2000,1959
SO-7624502,Circle Necklace - Engraving,Snake Chain (Silver),9.50,necklace,circle,stainless,0,2000,2000
SO-7624503,Heart Bangle - Luxury BU No MC,Bangle (Silver),9.50,bangle,heart,stainless,0,2000,1959
SO-7624504,Circle Bangle - Luxury BU No MC,Bangle (Silver),9.50,bangle,circle,stainless,0,2000,2000
SO-7624505,Forever Love Necklace with On Demand Message Card (Partner),Forever Love with POD MC (Partner),11.00,other,other,other,0,1000,1000
SO-7624506,Stainless Cross Necklace w/ MC (Partner),Stainless Crafted Cross w/ POD MC,12.50,necklace,other,stainless,0,1000,1000
SO-7624507,Forever Love Necklace with On Demand Message Card (Partner),Gold Forever Love (Partner),16.00,other,other,gold,0,1000,1000
SO-7624509,Stainless Cross Necklace w/ MC (Partner),Stainless Cross w/ Luxury Box & MC,20.50,other,other,stainless,0,1000,1000
SO-7624510,Faith Cross Necklace + MC (API/CSV),Faith Cross Necklace,8.91,other,other,other,0,1000,1000
SO-7624511,Dog Tag Necklace - Engraving,Buyer Upload Dog Tag & Ball Chain (Steel),12.50,dog-chain,dogtag,stainless,2,1096,2000
SO-7624512,Dog Tag Necklace - Engraving,Buyer Upload Dog Tag & Ball Chain (Gold),14.50,dog-chain,dogtag,gold,0,1096,2000
SO-7624513,Dog Tag Necklace - Engraving,Buyer Upload Dog Tag & Ball Chain (Gold),17.50,dog-chain,dogtag,gold,2,1096,2000
SO-7624514,Forever Love Necklace (Rhodium ONLY) + Luxury Box (PARTNER),Forever Love Necklace w/ POD MC,11.00,other,other,other,0,1000,1000
SO-7624516,Graphic Heart Keychain (PARTNER),Graphic Heart Keychain (Silver),7.50,other,heart,stainless,0,2000,1959
SO-7624517,Faith Cross Necklace + MC (API/CSV),Faith Cross with Mahogany Box,21.40,other,other,other,0,1000,1000
SO-7624518,Forever Love Necklace (Rhodium ONLY) + Luxury Box (PARTNER),Forever Love with MC & Luxury Box,19.50,other,other,other,0,1000,1000
SO-7624519,Heart Necklace - Engraving,Snake Chain (Silver),12.50,necklace,heart,stainless,2,2000,1959
SO-7624520,Heart Necklace - Engraving,Snake Chain (Gold),14.50,necklace,heart,gold,0,2000,1959
SO-7624521,Eternal Hope Necklace [Partner],Eternal Hope Necklace (Standard Box + MC),12.00,other,other,other,0,1000,1000
SO-7624522,Heart Necklace - Engraving,Snake Chain (Gold),17.50,necklace,heart,gold,2,2000,1959
SO-7624523,Dog Tag with Swivel Keychain (PARTNER),Dog Tag with Swivel Keychain (Steel),7.50,other,dogtag,stainless,0,1096,2000
SO-7624524,Everlasting Love Necklace - (Partner),Everlasting Love with Luxury Box & MC,118.00,other,other,other,0,1000,1000
SO-7624525,Heart Bangle - Luxury BU No MC,Bangle (Gold),14.50,bangle,heart,gold,0,2000,1959
SO-7624526,Heart Bangle - Luxury BU No MC,Bangle (Silver),12.50,bangle,heart,stainless,2,2000,1959
SO-7624527,Heart Bangle - Luxury BU No MC,Bangle (Gold),17.50,bangle,heart,gold,2,2000,1959
SO-7624528,Circle Necklace - Engraving,Snake Chain (Gold),14.50,necklace,circle,gold,0,2000,2000
SO-7624529,Circle Necklace - Engraving,Snake Chain (Silver),12.50,necklace,circle,stainless,2,2000,2000
SO-7624530,Circle Necklace - Engraving,Snake Chain (Gold),17.50,necklace,circle,gold,2,2000,2000
SO-7624531,Forever Love Necklace - Gold ONLY - Luxury Box (Partner),Forever Love Necklace (Gold ONLY) + Standard Box (Partner),16.00,other,other,gold,0,1000,1000
SO-7624532,Love Knot Earring & Necklace Set [PARTNER],Love Knot Necklace & Earring Set,21.50,other,other,other,0,1000,1000
SO-7624533,Circle Bangle - Luxury BU No MC,Bangle (Gold),14.50,bangle,circle,gold,0,2000,2000
SO-7624534,Circle Bangle - Luxury BU No MC,Bangle (Silver),12.50,bangle,circle,stainless,2,2000,2000
SO-7624535,Circle Bangle - Luxury BU No MC,Bangle (Gold),17.50,bangle,circle,gold,2,2000,2000
SO-7624536,Graphic Circle Keychain (PARTNER),Circle Pendant with Keychain (Silver),7.50,other,circle,stainless,0,2000,2000
SO-7624537,Eternal Hope Necklace [Partner],Eternal Hope Necklace with Luxury Box & MC,20.50,other,other,other,0,1000,1000
SO-7624538,CZ Cross Necklace - [PARTNER],CZ Cross Necklace,15.30,other,other,other,0,1000,1000
SO-7624540,Forever Love Necklace - Gold ONLY - Luxury Box (Partner),Forever Love Necklace (Gold ONLY) + Luxury Box (Partner),24.50,other,other,gold,0,1000,1000
SO-7624541,Dog Tag with Swivel Keychain (PARTNER),Dog Tag with Swivel Keychain (Steel),10.50,other,dogtag,stainless,2,1096,2000
SO-7624542,Dog Tag with Swivel Keychain (PARTNER),Dog Tag with Swivel Keychain (Gold),9.50,other,dogtag,gold,0,1096,2000
SO-7624543,Dog Tag with Swivel Keychain (PARTNER),Dog Tag with Swivel Keychain (Gold),12.50,other,dogtag,gold,2,1096,2000
SO-7624544,Love Knot Earring & Necklace Set [PARTNER],Love Knot Necklace & Earring Set + Mahogany Style Luxury Box,30.00,other,other,other,0,1000,1000
SO-7624545,Lucky In Love [PARTNER],Lucky in Love Necklace,12.77,other,other,other,0,1000,1000
SO-7624546,[DISCONTINUED] (API) Perfect Pair Necklace,Perfect Pair Necklace - Standard Box,6.50,other,other,other,0,1000,1000
SO-7624547,[Partner] Interlocking Hearts Necklace - Yellow & White Gold Variants,Interlocking Hearts Necklace (Gold),17.00,other,other,gold,0,1000,1000
SO-7624548,CZ Cross Necklace - [PARTNER],CZ Cross Necklace w/ Wood Box,27.80,other,other,other,0,1000,1000
SO-7624549,[Partner] Love Knot Necklace - Yellow & White Gold Variants,Love Knot Necklace (Gold),16.00,other,other,gold,0,1000,1000
SO-7624550,Forever Linked Necklace (PARTNER),Forever Linked Necklace (Gold),26.50,other,other,gold,0,1000,1000
SO-7624551,Graphic Circle Keychain (PARTNER),Circle Pendant with Keychain (Silver),10.50,other,circle,stainless,2,2000,2000
SO-7624552,Graphic Circle Keychain (PARTNER),Circle Pendant with Keychain (Gold),12.50,other,circle,gold,0,2000,2000
SO-7624553,Graphic Circle Keychain (PARTNER),Circle Pendant with Keychain (Gold),15.50,other,circle,gold,2,2000,2000
SO-7624555,Graphic Heart Keychain (PARTNER),Graphic Heart Keychain (Silver),10.50,other,heart,stainless,2,2000,1959
SO-7624556,Graphic Heart Keychain (PARTNER),Graphic Heart Keychain (Gold),12.50,other,heart,gold,0,2000,1959
SO-7624557,Graphic Heart Keychain (PARTNER),Graphic Heart Keychain (Gold),15.50,other,heart,gold,2,2000,1959
SO-7624558,[DISCONTINUED] (API) Perfect Pair Necklace,Perfect Pair Necklace - Luxury Box,15.00,other,other,other,0,1000,1000
SO-7624559,[PARTNER] Alluring Beauty Necklace - Yellow & White Gold Variants,Alluring Beauty Necklace (Gold),16.00,other,other,gold,0,1000,1000
SO-7624560,Lucky In Love [PARTNER],Lucky in Love Necklace with Luxury Box,21.27,other,other,other,0,1000,1000
SO-7624561,[Partner] Interlocking Hearts Necklace - Yellow & White Gold Variants,Interlocking Hearts Necklace,12.00,other,other,stainless,0,1000,1000
SO-7624562,[Partner] Interlocking Hearts Necklace - Yellow & White Gold Variants,Interlocking Hearts Necklace (Gold),25.50,other,other,gold,0,1000,1000
SO-7624563,[Partner] Interlocking Hearts Necklace - Yellow & White Gold Variants,Interlocking Hearts Necklace,20.50,other,other,stainless,0,1000,1000
SO-7624564,[Partner] Love Knot Necklace - Yellow & White Gold Variants,Love Knot Necklace,11.00,other,other,other,0,1000,1000
SO-7624565,[Partner] Love Knot Necklace - Yellow & White Gold Variants,Love Knot Necklace (Gold),24.50,other,other,gold,0,1000,1000
SO-7624566,[Partner] Love Knot Necklace - Yellow & White Gold Variants,Love Knot Necklace,19.50,other,other,other,0,1000,1000
SO-7624567,Forever Linked Necklace (PARTNER),Forever Linked Necklace (White Gold),46.50,other,other,other,0,1000,1000
SO-7624568,[PARTNER] Alluring Beauty Necklace - Yellow & White Gold Variants,Alluring Beauty Necklace,11.00,other,other,stainless,0,1000,1000
SO-7624569,[PARTNER] Alluring Beauty Necklace - Yellow & White Gold Variants,Alluring Beauty Necklace (Gold),24.50,other,other,gold,0,1000,1000
SO-7624570,[PARTNER] Alluring Beauty Necklace - Yellow & White Gold Variants,Alluring Beauty Necklace,19.50,other,other,stainless,0,1000,1000
SO-7624592,Perfect Pair Necklace,Perfect Pair Necklace - Standard Box,6.50,,,,,1000,1000
SO-7624593,Perfect Pair Necklace,Perfect Pair Necklace - Luxury Box,15.00,,,,,1000,1000
SO-7788551,Love Knot Necklace - Yellow & White Gold Variants,Love Knot Necklace (Gold),16.00,,,,,1000,1000
SO-7788552,Love Knot Necklace - Yellow & White Gold Variants,Love Knot Necklace,11.00,,,,,1000,1000
SO-7788553,Love Knot Necklace - Yellow & White Gold Variants,Love Knot Necklace (Gold),24.50,,,,,1000,1000
SO-7788554,Love Knot Necklace - Yellow & White Gold Variants,Love Knot Necklace,19.50,,,,,1000,1000
SO-7959688,Love Knot Necklace - Yellow & White Gold Variants,Love Knot Necklace (Gold),16.00,,,,,1000,1000
SO-7959689,Love Knot Necklace - Yellow & White Gold Variants,Love Knot Necklace,11.00,,,,,1000,1000
SO-7959690,Love Knot Necklace - Yellow & White Gold Variants,Love Knot Necklace (Gold),24.50,,,,,1000,1000
SO-7959691,Love Knot Necklace - Yellow & White Gold Variants,Love Knot Necklace,19.50,,,,,1000,1000
SO-7959769,Love Knot Necklace - Yellow & White Gold Variants,Love Knot Necklace (Gold),16.00,,,,,1000,1000
SO-7959770,Love Knot Necklace - Yellow & White Gold Variants,Love Knot Necklace,11.00,,,,,1000,1000
SO-7959771,Love Knot Necklace - Yellow & White Gold Variants,Love Knot Necklace (Gold),24.50,,,,,1000,1000
SO-7959772,Love Knot Necklace - Yellow & White Gold Variants,Love Knot Necklace,19.50,,,,,1000,1000
SO-7963123,Love Knot Necklace - Yellow & White Gold Variants,Love Knot Necklace (Gold),16.00,,,,,1000,1000
SO-7963124,Love Knot Necklace - Yellow & White Gold Variants,Love Knot Necklace,11.00,,,,,1000,1000
SO-7963125,Love Knot Necklace - Yellow & White Gold Variants,Love Knot Necklace (Gold),24.50,,,,,1000,1000
SO-7963126,Love Knot Necklace - Yellow & White Gold Variants,Love Knot Necklace,19.50,,,,,1000,1000
SO-8197464,Forever Love Necklace,White Gold Forever Love Necklace,11.00,,,,,1000,1000
SO-8197465,Forever Love Necklace,Gold Forever Love,16.00,,,,,1000,1000
SO-8197466,Forever Love Necklace,White Gold Forever Love Necklace,19.50,,,,,1000,1000
SO-8197467,Forever Love Necklace,Gold Forever Love,24.50,,,,,1000,1000
SO-8211556,Eternal Hope Necklace,Eternal Hope Necklace (Standard Box + MC),12.00,,,,,1000,1000
SO-8211557,Eternal Hope Necklace,Eternal Hope Necklace with Luxury Box & MC,20.50,,,,,1000,1000
SO-8282152,Love Knot Necklace - Yellow & White Gold Variants,Love Knot Necklace (Gold),16.00,,,,,1000,1000
SO-8282157,Love Knot Necklace - Yellow & White Gold Variants,Love Knot Necklace,11.00,,,,,1000,1000
SO-8282158,Love Knot Necklace - Yellow & White Gold Variants,Love Knot Necklace (Gold),24.50,,,,,1000,1000
SO-8282159,Love Knot Necklace - Yellow & White Gold Variants,Love Knot Necklace,19.50,,,,,1000,1000
SO-8282230,Love Knot Necklace - Yellow & White Gold Variants,Love Knot Necklace (Gold),16.00,,,,,1000,1000
SO-8282231,Love Knot Necklace - Yellow & White Gold Variants,Love Knot Necklace,11.00,,,,,1000,1000
SO-8282232,Love Knot Necklace - Yellow & White Gold Variants,Love Knot Necklace (Gold),24.50,,,,,1000,1000
SO-8282233,Love Knot Necklace - Yellow & White Gold Variants,Love Knot Necklace,19.50,,,,,1000,1000
SO-8282360,Love Knot Necklace - Yellow & White Gold Variants,Love Knot Necklace (Gold),16.00,,,,,1000,1000
SO-8282361,Love Knot Necklace - Yellow & White Gold Variants,Love Knot Necklace,11.00,,,,,1000,1000
SO-8282362,Love Knot Necklace - Yellow & White Gold Variants,Love Knot Necklace (Gold),24.50,,,,,1000,1000
SO-8282363,Love Knot Necklace - Yellow & White Gold Variants,Love Knot Necklace,19.50,,,,,1000,1000
SO-8285175,Love Knot Necklace - Yellow & White Gold Variants,Love Knot Necklace (Gold),16.00,,,,,1000,1000
SO-8285176,Love Knot Necklace - Yellow & White Gold Variants,Love Knot Necklace,11.00,,,,,1000,1000
SO-8285177,Love Knot Necklace - Yellow & White Gold Variants,Love Knot Necklace (Gold),24.50,,,,,1000,1000
SO-8285178,Love Knot Necklace - Yellow & White Gold Variants,Love Knot Necklace,19.50,,,,,1000,1000
SO-8285264,Perfect Pair Necklace,Perfect Pair Necklace - Standard Box,6.50,,,,,1000,1000
SO-8285265,Perfect Pair Necklace,Perfect Pair Necklace - Luxury Box,15.00,,,,,1000,1000
SO-8294833,Love Knot Necklace - Yellow & White Gold Variants,Love Knot Necklace (Gold),16.00,,,,,1000,1000
SO-8294834,Love Knot Necklace - Yellow & White Gold Variants,Love Knot Necklace,11.00,,,,,1000,1000
SO-8294835,Love Knot Necklace - Yellow & White Gold Variants,Love Knot Necklace (Gold),24.50,,,,,1000,1000
SO-8294836,Love Knot Necklace - Yellow & White Gold Variants,Love Knot Necklace,19.50,,,,,1000,1000
SO-8300951,Love Knot Necklace - Yellow & White Gold Variants,Love Knot Necklace (Gold),16.00,,,,,1000,1000
SO-8300952,Love Knot Necklace - Yellow & White Gold Variants,Love Knot Necklace,11.00,,,,,1000,1000
SO-8300953,Love Knot Necklace - Yellow & White Gold Variants,Love Knot Necklace (Gold),24.50,,,,,1000,1000
SO-8300954,Love Knot Necklace - Yellow & White Gold Variants,Love Knot Necklace,19.50,,,,,1000,1000
SO-8301010,Love Knot Necklace - Yellow & White Gold Variants,Love Knot Necklace (Gold),16.00,,,,,1000,1000
SO-8301011,Love Knot Necklace - Yellow & White Gold Variants,Love Knot Necklace,11.00,,,,,1000,1000
SO-8301012,Love Knot Necklace - Yellow & White Gold Variants,Love Knot Necklace (Gold),24.50,,,,,1000,1000
SO-8301013,Love Knot Necklace - Yellow & White Gold Variants,Love Knot Necklace,19.50,,,,,1000,1000
SO-8306434,Custom Name Necklace,Custom Name Necklace (w/MC),13.00,,,,,1000,1000
SO-8306441,Custom Name Necklace,Custom Name Necklace (w/MC),21.50,,,,,1000,1000
SO-8306559,Custom Name Necklace - No MC,Custom Necklace (No MC),13.00,other,other,stainless,0,,
SO-8306560,Custom Name Necklace - No MC,Custom Necklace (No MC),21.50,other,other,stainless,0,,
SO-8306567,Custom Name Necklace,Custom Name Necklace (w/MC),13.00,,,,,1000,1000
SO-8306568,Custom Name Necklace,Custom Name Necklace (w/MC),21.50,,,,,1000,1000
SO-8306588,Custom Name Necklace,Custom Name Necklace (w/MC),13.00,,,,,1000,1000
SO-8306589,Custom Name Necklace,Custom Name Necklace (w/MC),21.50,,,,,1000,1000
SO-8306613,Custom Name Necklace,Custom Name Necklace (w/MC),13.00,,,,,1000,1000
SO-8306614,Custom Name Necklace,Custom Name Necklace (w/MC),21.50,,,,,1000,1000
SO-8306641,Custom Name Necklace,Custom Name Necklace (w/MC),13.00,,,,,1000,1000
SO-8306642,Custom Name Necklace,Custom Name Necklace (w/MC),21.50,,,,,1000,1000
SO-8306665,Custom Name Necklace,Custom Name Necklace (w/MC),13.00,,,,,1000,1000
SO-8306666,Custom Name Necklace,Custom Name Necklace (w/MC),21.50,,,,,1000,1000
SO-8309296,Custom Name Necklace,Custom Name Necklace (w/MC),13.00,,,,,1000,1000
SO-8309297,Custom Name Necklace,Custom Name Necklace (w/MC),21.50,,,,,1000,1000
SO-8310252,Love Knot Necklace - Yellow & White Gold Variants,Love Knot Necklace (Gold),16.00,,,,,1000,1000
SO-8310253,Love Knot Necklace - Yellow & White Gold Variants,Love Knot Necklace,11.00,,,,,1000,1000
SO-8310254,Love Knot Necklace - Yellow & White Gold Variants,Love Knot Necklace (Gold),24.50,,,,,1000,1000
SO-8310255,Love Knot Necklace - Yellow & White Gold Variants,Love Knot Necklace,19.50,,,,,1000,1000
SO-8310351,Love Knot Necklace - Yellow & White Gold Variants,Love Knot Necklace (Gold),16.00,,,,,1000,1000
SO-8310352,Love Knot Necklace - Yellow & White Gold Variants,Love Knot Necklace,11.00,,,,,1000,1000
SO-8310353,Love Knot Necklace - Yellow & White Gold Variants,Love Knot Necklace (Gold),24.50,,,,,1000,1000
SO-8310354,Love Knot Necklace - Yellow & White Gold Variants,Love Knot Necklace,19.50,,,,,1000,1000
SO-8311693,Custom Name Necklace,Custom Name Necklace (w/MC),13.00,,,,,1000,1000
SO-8311694,Custom Name Necklace,Custom Name Necklace (w/MC),21.50,,,,,1000,1000
SO-8321150,Custom Name Necklace,Custom Name Necklace (w/MC),13.00,,,,,1000,1000
SO-8321151,Custom Name Necklace,Custom Name Necklace (w/MC),21.50,,,,,1000,1000
SO-8321194,Custom Name Necklace,Custom Name Necklace (w/MC),13.00,,,,,1000,1000
SO-8321195,Custom Name Necklace,Custom Name Necklace (w/MC),21.50,,,,,1000,1000
SO-8324420,Custom Name Necklace,Custom Name Necklace (w/MC),13.00,,,,,1000,1000
SO-8324421,Custom Name Necklace,Custom Name Necklace (w/MC),21.50,,,,,1000,1000
SO-8324492,Love Knot Necklace - Yellow & White Gold Variants,Love Knot Necklace (Gold),16.00,,,,,1000,1000
SO-8324493,Love Knot Necklace - Yellow & White Gold Variants,Love Knot Necklace,11.00,,,,,1000,1000
SO-8324494,Love Knot Necklace - Yellow & White Gold Variants,Love Knot Necklace (Gold),24.50,,,,,1000,1000
SO-8324495,Love Knot Necklace - Yellow & White Gold Variants,Love Knot Necklace,19.50,,,,,1000,1000
SO-8335615,Love Knot Necklace - Yellow & White Gold Variants,Love Knot Necklace (Gold),16.00,,,,,1000,1000
SO-8335616,Love Knot Necklace - Yellow & White Gold Variants,Love Knot Necklace,11.00,,,,,1000,1000
SO-8335617,Love Knot Necklace - Yellow & White Gold Variants,Love Knot Necklace (Gold),24.50,,,,,1000,1000
SO-8335618,Love Knot Necklace - Yellow & White Gold Variants,Love Knot Necklace,19.50,,,,,1000,1000
SO-8335982,Love Knot Necklace - Yellow & White Gold Variants,Love Knot Necklace (Gold),16.00,,,,,1000,1000
SO-8335983,Love Knot Necklace - Yellow & White Gold Variants,Love Knot Necklace,11.00,,,,,1000,1000
SO-8335984,Love Knot Necklace - Yellow & White Gold Variants,Love Knot Necklace (Gold),24.50,,,,,1000,1000
SO-8335985,Love Knot Necklace - Yellow & White Gold Variants,Love Knot Necklace,19.50,,,,,1000,1000
SO-8337347,Love Knot Necklace - Yellow & White Gold Variants,Love Knot Necklace (Gold),16.00,,,,,1000,1000
SO-8337348,Love Knot Necklace - Yellow & White Gold Variants,Love Knot Necklace,11.00,,,,,1000,1000
SO-8337349,Love Knot Necklace - Yellow & White Gold Variants,Love Knot Necklace (Gold),24.50,,,,,1000,1000
SO-8337350,Love Knot Necklace - Yellow & White Gold Variants,Love Knot Necklace,19.50,,,,,1000,1000
SO-8337377,Love Knot Necklace - Yellow & White Gold Variants,Love Knot Necklace (Gold),16.00,,,,,1000,1000
SO-8337378,Love Knot Necklace - Yellow & White Gold Variants,Love Knot Necklace,11.00,,,,,1000,1000
SO-8337379,Love Knot Necklace - Yellow & White Gold Variants,Love Knot Necklace (Gold),24.50,,,,,1000,1000
SO-8337380,Love Knot Necklace - Yellow & White Gold Variants,Love Knot Necklace,19.50,,,,,1000,1000
SO-8346203,Love Knot Necklace - Yellow & White Gold Variants,Love Knot Necklace (Gold),16.00,,,,,1000,1000
SO-8346204,Love Knot Necklace - Yellow & White Gold Variants,Love Knot Necklace,11.00,,,,,1000,1000
SO-8346205,Love Knot Necklace - Yellow & White Gold Variants,Love Knot Necklace (Gold),24.50,,,,,1000,1000
SO-8346206,Love Knot Necklace - Yellow & White Gold Variants,Love Knot Necklace,19.50,,,,,1000,1000
SO-8353095,Love Knot Necklace - Yellow & White Gold Variants,Love Knot Necklace (Gold),16.00,,,,,1000,1000
SO-8353096,Love Knot Necklace - Yellow & White Gold Variants,Love Knot Necklace,11.00,,,,,1000,1000
SO-8353097,Love Knot Necklace - Yellow & White Gold Variants,Love Knot Necklace (Gold),24.50,,,,,1000,1000
SO-8353098,Love Knot Necklace - Yellow & White Gold Variants,Love Knot Necklace,19.50,,,,,1000,1000
SO-8382649,Custom Name Necklace,Custom Name Necklace (w/MC),13.00,,,,,1000,1000
SO-8382650,Custom Name Necklace,Custom Name Necklace (w/MC),21.50,,,,,1000,1000
SO-8382671,Custom Name Necklace,Custom Name Necklace (w/MC),13.00,,,,,1000,1000
SO-8382672,Custom Name Necklace,Custom Name Necklace (w/MC),21.50,,,,,1000,1000
SO-8382699,Custom Name Necklace,Custom Name Necklace (w/MC),13.00,,,,,1000,1000
SO-8382700,Custom Name Necklace,Custom Name Necklace (w/MC),21.50,,,,,1000,1000
SO-8382716,Custom Name Necklace,Custom Name Necklace (w/MC),13.00,,,,,1000,1000
SO-8382718,Custom Name Necklace,Custom Name Necklace (w/MC),21.50,,,,,1000,1000
SO-8382748,Custom Name Necklace,Custom Name Necklace (w/MC),13.00,,,,,1000,1000
SO-8382749,Custom Name Necklace,Custom Name Necklace (w/MC),21.50,,,,,1000,1000
SO-8382764,Custom Name Necklace,Custom Name Necklace (w/MC),13.00,,,,,1000,1000
SO-8382766,Custom Name Necklace,Custom Name Necklace (w/MC),21.50,,,,,1000,1000
SO-8382772,Custom Name Necklace,Custom Name Necklace (w/MC),13.00,,,,,1000,1000
SO-8382773,Custom Name Necklace,Custom Name Necklace (w/MC),21.50,,,,,1000,1000
SO-8382784,Custom Name Necklace,Custom Name Necklace (w/MC),13.00,,,,,1000,1000
SO-8382785,Custom Name Necklace,Custom Name Necklace (w/MC),21.50,,,,,1000,1000
SO-8408720,Love Knot Necklace - Yellow & White Gold Variants,Love Knot Necklace (Gold),16.00,,,,,1000,1000
SO-8408721,Love Knot Necklace - Yellow & White Gold Variants,Love Knot Necklace,11.00,,,,,1000,1000
SO-8408722,Love Knot Necklace - Yellow & White Gold Variants,Love Knot Necklace (Gold),24.50,,,,,1000,1000
SO-8408723,Love Knot Necklace - Yellow & White Gold Variants,Love Knot Necklace,19.50,,,,,1000,1000
SO-8441661,Custom Name Necklace,Custom Name Necklace (w/MC),13.00,,,,,1000,1000
SO-8441662,Custom Name Necklace,Custom Name Necklace (w/MC),21.50,,,,,1000,1000
SO-8452390,Love Knot Necklace - Yellow & White Gold Variants,Love Knot Necklace (Gold),16.00,,,,,1000,1000
SO-8452391,Love Knot Necklace - Yellow & White Gold Variants,Love Knot Necklace,11.00,,,,,1000,1000
SO-8452392,Love Knot Necklace - Yellow & White Gold Variants,Love Knot Necklace (Gold),24.50,,,,,1000,1000
SO-8452393,Love Knot Necklace - Yellow & White Gold Variants,Love Knot Necklace,19.50,,,,,1000,1000
SO-8488025,Forever Love Necklace,White Gold Forever Love Necklace,11.00,,,,,1000,1000
SO-8488026,Forever Love Necklace,Gold Forever Love,16.00,,,,,1000,1000
SO-8488027,Forever Love Necklace,White Gold Forever Love Necklace,19.50,,,,,1000,1000
SO-8488028,Forever Love Necklace,Gold Forever Love,24.50,,,,,1000,1000
SO-8708494,Love Knot Necklace - Yellow & White Gold Variants,Love Knot Necklace (Gold),16.00,,,,,1000,1000
SO-8708495,Love Knot Necklace - Yellow & White Gold Variants,Love Knot Necklace,11.00,,,,,1000,1000
SO-8708496,Love Knot Necklace - Yellow & White Gold Variants,Love Knot Necklace (Gold),24.50,,,,,1000,1000
SO-8708497,Love Knot Necklace - Yellow & White Gold Variants,Love Knot Necklace,19.50,,,,,1000,1000
SO-8737663,Love Knot Necklace - Yellow & White Gold Variants,Love Knot Necklace (Gold),16.00,,,,,1000,1000
SO-8737664,Love Knot Necklace - Yellow & White Gold Variants,Love Knot Necklace,11.00,,,,,1000,1000
SO-8737665,Love Knot Necklace - Yellow & White Gold Variants,Love Knot Necklace (Gold),24.50,,,,,1000,1000
SO-8737666,Love Knot Necklace - Yellow & White Gold Variants,Love Knot Necklace,19.50,,,,,1000,1000
SO-8804884,Forever Love Necklace,White Gold Forever Love Necklace,11.00,,,,,1000,1000
SO-8804885,Forever Love Necklace,Gold Forever Love,16.00,,,,,1000,1000
SO-8804886,Forever Love Necklace,White Gold Forever Love Necklace,19.50,,,,,1000,1000
SO-8804887,Forever Love Necklace,Gold Forever Love,24.50,,,,,1000,1000
SO-8848328,Love Knot Necklace - Yellow & White Gold Variants,Love Knot Necklace (Gold),16.00,,,,,1000,1000
SO-8848329,Love Knot Necklace - Yellow & White Gold Variants,Love Knot Necklace,11.00,,,,,1000,1000
SO-8848330,Love Knot Necklace - Yellow & White Gold Variants,Love Knot Necklace (Gold),24.50,,,,,1000,1000
SO-8848331,Love Knot Necklace - Yellow & White Gold Variants,Love Knot Necklace,19.50,,,,,1000,1000
SO-8871635,Forever Love Necklace,White Gold Forever Love Necklace,11.00,,,,,1000,1000
SO-8871636,Forever Love Necklace,Gold Forever Love,16.00,,,,,1000,1000
SO-8871637,Forever Love Necklace,White Gold Forever Love Necklace,19.50,,,,,1000,1000
SO-8871638,Forever Love Necklace,Gold Forever Love,24.50,,,,,1000,1000
SO-8871915,Forever Love Necklace,White Gold Forever Love Necklace,11.00,,,,,1000,1000
SO-8871922,Forever Love Necklace,Gold Forever Love,16.00,,,,,1000,1000
SO-8871923,Forever Love Necklace,White Gold Forever Love Necklace,19.50,,,,,1000,1000
SO-8871924,Forever Love Necklace,Gold Forever Love,24.50,,,,,1000,1000
SO-8872205,Forever Love Necklace,White Gold Forever Love Necklace,11.00,,,,,1000,1000
SO-8872206,Forever Love Necklace,Gold Forever Love,16.00,,,,,1000,1000
SO-8872207,Forever Love Necklace,White Gold Forever Love Necklace,19.50,,,,,1000,1000
SO-8872208,Forever Love Necklace,Gold Forever Love,24.50,,,,,1000,1000
SO-8900286,Forever Love Necklace,White Gold Forever Love Necklace,11.00,,,,,1000,1000
SO-8900287,Forever Love Necklace,Gold Forever Love,16.00,,,,,1000,1000
SO-8900288,Forever Love Necklace,White Gold Forever Love Necklace,19.50,,,,,1000,1000
SO-8900289,Forever Love Necklace,Gold Forever Love,24.50,,,,,1000,1000
SO-8902176,Forever Love Necklace,White Gold Forever Love Necklace,11.00,,,,,1000,1000
SO-8902177,Forever Love Necklace,Gold Forever Love,16.00,,,,,1000,1000
SO-8902178,Forever Love Necklace,White Gold Forever Love Necklace,19.50,,,,,1000,1000
SO-8902179,Forever Love Necklace,Gold Forever Love,24.50,,,,,1000,1000
SO-8926716,Forever Love Necklace,White Gold Forever Love Necklace,11.00,,,,,1000,1000
SO-8926717,Forever Love Necklace,Gold Forever Love,16.00,,,,,1000,1000
SO-8926718,Forever Love Necklace,White Gold Forever Love Necklace,19.50,,,,,1000,1000
SO-8926719,Forever Love Necklace,Gold Forever Love,24.50,,,,,1000,1000
SO-8942507,Forever Love Necklace,White Gold Forever Love Necklace,11.00,,,,,1000,1000
SO-8942508,Forever Love Necklace,Gold Forever Love,16.00,,,,,1000,1000
SO-8942509,Forever Love Necklace,White Gold Forever Love Necklace,19.50,,,,,1000,1000
SO-8942510,Forever Love Necklace,Gold Forever Love,24.50,,,,,1000,1000
SO-8942638,Forever Love Necklace,White Gold Forever Love Necklace,11.00,,,,,1000,1000
SO-8942639,Forever Love Necklace,Gold Forever Love,16.00,,,,,1000,1000
SO-8942640,Forever Love Necklace,White Gold Forever Love Necklace,19.50,,,,,1000,1000
SO-8942641,Forever Love Necklace,Gold Forever Love,24.50,,,,,1000,1000
SO-8973797,Forever Love Necklace,White Gold Forever Love Necklace,11.00,,,,,1000,1000
SO-8973798,Forever Love Necklace,Gold Forever Love,16.00,,,,,1000,1000
SO-8973799,Forever Love Necklace,White Gold Forever Love Necklace,19.50,,,,,1000,1000
SO-8973800,Forever Love Necklace,Gold Forever Love,24.50,,,,,1000,1000
SO-8977329,Forever Love Necklace,White Gold Forever Love Necklace,11.00,,,,,1000,1000
SO-8977331,Forever Love Necklace,Gold Forever Love,16.00,,,,,1000,1000
SO-8977332,Forever Love Necklace,White Gold Forever Love Necklace,19.50,,,,,1000,1000
SO-8977333,Forever Love Necklace,Gold Forever Love,24.50,,,,,1000,1000
SO-9028919,CZ Cross Necklace,CZ Cross Necklace,15.30,,,,,1000,1000
SO-9028920,CZ Cross Necklace,CZ Cross Necklace w/ Wood Box,27.80,,,,,1000,1000
SO-9041771,Love Knot Necklace - Yellow & White Gold Variants,Love Knot Necklace (Gold),16.00,,,,,1000,1000
SO-9041772,Love Knot Necklace - Yellow & White Gold Variants,Love Knot Necklace,11.00,,,,,1000,1000
SO-9041773,Love Knot Necklace - Yellow & White Gold Variants,Love Knot Necklace (Gold),24.50,,,,,1000,1000
SO-9041774,Love Knot Necklace - Yellow & White Gold Variants,Love Knot Necklace,19.50,,,,,1000,1000
SO-9042337,Love Knot Necklace - Yellow & White Gold Variants,Love Knot Necklace (Gold),16.00,,,,,1000,1000
SO-9042338,Love Knot Necklace - Yellow & White Gold Variants,Love Knot Necklace,11.00,,,,,1000,1000
SO-9042339,Love Knot Necklace - Yellow & White Gold Variants,Love Knot Necklace (Gold),24.50,,,,,1000,1000
SO-9042340,Love Knot Necklace - Yellow & White Gold Variants,Love Knot Necklace,19.50,,,,,1000,1000
SO-9065113,Love Knot Necklace - Yellow & White Gold Variants,Love Knot Necklace (Gold),16.00,,,,,1000,1000
SO-9065114,Love Knot Necklace - Yellow & White Gold Variants,Love Knot Necklace,11.00,,,,,1000,1000
SO-9065115,Love Knot Necklace - Yellow & White Gold Variants,Love Knot Necklace (Gold),24.50,,,,,1000,1000
SO-9065116,Love Knot Necklace - Yellow & White Gold Variants,Love Knot Necklace,19.50,,,,,1000,1000
SO-9065971,Eternal Hope Necklace,Eternal Hope Necklace (Standard Box + MC),12.00,,,,,1000,1000
SO-9065974,Eternal Hope Necklace,Eternal Hope Necklace with Luxury Box & MC,20.50,,,,,1000,1000
SO-9096370,Forever Love Necklace,White Gold Forever Love Necklace,11.00,,,,,1000,1000
SO-9096371,Forever Love Necklace,Gold Forever Love,16.00,,,,,1000,1000
SO-9096372,Forever Love Necklace,White Gold Forever Love Necklace,19.50,,,,,1000,1000
SO-9096373,Forever Love Necklace,Gold Forever Love,24.50,,,,,1000,1000
SO-9102818,Love Knot Necklace - Yellow & White Gold Variants,Love Knot Necklace (Gold),16.00,,,,,1000,1000
SO-9102819,Love Knot Necklace - Yellow & White Gold Variants,Love Knot Necklace,11.00,,,,,1000,1000
SO-9102820,Love Knot Necklace - Yellow & White Gold Variants,Love Knot Necklace (Gold),24.50,,,,,1000,1000
SO-9102821,Love Knot Necklace - Yellow & White Gold Variants,Love Knot Necklace,19.50,,,,,1000,1000
SO-9117768,Love Knot Necklace - Yellow & White Gold Variants,Love Knot Necklace (Gold),16.00,,,,,1000,1000
SO-9117769,Love Knot Necklace - Yellow & White Gold Variants,Love Knot Necklace,11.00,,,,,1000,1000
SO-9117770,Love Knot Necklace - Yellow & White Gold Variants,Love Knot Necklace (Gold),24.50,,,,,1000,1000
SO-9117771,Love Knot Necklace - Yellow & White Gold Variants,Love Knot Necklace,19.50,,,,,1000,1000
SO-9206175,Interlocking Hearts Necklace - Yellow & White Gold Variants,Interlocking Hearts Necklace (Gold),17.00,,,,,1000,1000
SO-9206179,Interlocking Hearts Necklace - Yellow & White Gold Variants,Interlocking Hearts Necklace,12.00,,,,,1000,1000
SO-9206180,Interlocking Hearts Necklace - Yellow & White Gold Variants,Interlocking Hearts Necklace (Gold),25.50,,,,,1000,1000
SO-9206181,Interlocking Hearts Necklace - Yellow & White Gold Variants,Interlocking Hearts Necklace,20.50,,,,,1000,1000
SO-9227098,Lucky In Love Necklace,Lucky in Love Necklace,12.77,,,,,1000,1000
SO-9227099,Lucky In Love Necklace,Lucky in Love Necklace with Luxury Box,21.27,,,,,1000,1000
SO-9227219,Perfect Pair Necklace,Perfect Pair Necklace - Standard Box,6.50,,,,,1000,1000
SO-9227220,Perfect Pair Necklace,Perfect Pair Necklace - Luxury Box,15.00,,,,,1000,1000
SO-9227225,Perfect Pair Necklace,Perfect Pair Necklace - Standard Box,6.50,,,,,1000,1000
SO-9227226,Perfect Pair Necklace,Perfect Pair Necklace - Luxury Box,15.00,,,,,1000,1000
SO-9239244,Love Knot Necklace - Yellow & White Gold Variants,Love Knot Necklace (Gold),16.00,,,,,1000,1000
SO-9239245,Love Knot Necklace - Yellow & White Gold Variants,Love Knot Necklace,11.00,,,,,1000,1000
SO-9239246,Love Knot Necklace - Yellow & White Gold Variants,Love Knot Necklace (Gold),24.50,,,,,1000,1000
SO-9239247,Love Knot Necklace - Yellow & White Gold Variants,Love Knot Necklace,19.50,,,,,1000,1000
SO-9260208,Forever Love Necklace,White Gold Forever Love Necklace,11.00,,,,,1000,1000
SO-9260209,Forever Love Necklace,Gold Forever Love,16.00,,,,,1000,1000
SO-9260210,Forever Love Necklace,White Gold Forever Love Necklace,19.50,,,,,1000,1000
SO-9260211,Forever Love Necklace,Gold Forever Love,24.50,,,,,1000,1000
SO-9326191,Alluring Beauty Necklace - Yellow & White Gold Variants,Alluring Beauty Necklace (Gold),16.00,,,,,1000,1000
SO-9326192,Alluring Beauty Necklace - Yellow & White Gold Variants,Alluring Beauty Necklace,11.00,,,,,1000,1000
SO-9326193,Alluring Beauty Necklace - Yellow & White Gold Variants,Alluring Beauty Necklace (Gold),24.50,,,,,1000,1000
SO-9326194,Alluring Beauty Necklace - Yellow & White Gold Variants,Alluring Beauty Necklace,19.50,,,,,1000,1000
SO-9326221,Alluring Beauty Necklace - Yellow & White Gold Variants,Alluring Beauty Necklace (Gold),16.00,,,,,1000,1000
SO-9326222,Alluring Beauty Necklace - Yellow & White Gold Variants,Alluring Beauty Necklace,11.00,,,,,1000,1000
SO-9326223,Alluring Beauty Necklace - Yellow & White Gold Variants,Alluring Beauty Necklace (Gold),24.50,,,,,1000,1000
SO-9326224,Alluring Beauty Necklace - Yellow & White Gold Variants,Alluring Beauty Necklace,19.50,,,,,1000,1000
SO-9432488,Forever Love Necklace,White Gold Forever Love Necklace,11.00,,,,,1000,1000
SO-9432489,Forever Love Necklace,Gold Forever Love,16.00,,,,,1000,1000
SO-9432490,Forever Love Necklace,White Gold Forever Love Necklace,19.50,,,,,1000,1000
SO-9432491,Forever Love Necklace,Gold Forever Love,24.50,,,,,1000,1000
SO-9598183,Forever Love Necklace,White Gold Forever Love Necklace,11.00,,,,,1000,1000
SO-9598184,Forever Love Necklace,Gold Forever Love,16.00,,,,,1000,1000
SO-9598185,Forever Love Necklace,White Gold Forever Love Necklace,19.50,,,,,1000,1000
SO-9598186,Forever Love Necklace,Gold Forever Love,24.50,,,,,1000,1000
SO-9627742,Forever Love Necklace,White Gold Forever Love Necklace,11.00,,,,,1000,1000
SO-9627743,Forever Love Necklace,Gold Forever Love,16.00,,,,,1000,1000
SO-9627744,Forever Love Necklace,White Gold Forever Love Necklace,19.50,,,,,1000,1000
SO-9627745,Forever Love Necklace,Gold Forever Love,24.50,,,,,1000,1000
SO-9702665,Eternal Hope Necklace,Eternal Hope Necklace (Standard Box + MC),12.00,,,,,1000,1000
SO-9702667,Eternal Hope Necklace,Eternal Hope Necklace with Luxury Box & MC,20.50,,,,,1000,1000
SO-9714879,Forever Love Necklace,White Gold Forever Love Necklace,11.00,,,,,1000,1000
SO-9714880,Forever Love Necklace,Gold Forever Love,16.00,,,,,1000,1000
SO-9714881,Forever Love Necklace,White Gold Forever Love Necklace,19.50,,,,,1000,1000
SO-9714882,Forever Love Necklace,Gold Forever Love,24.50,,,,,1000,1000
SO-9715291,Forever Love Necklace,White Gold Forever Love Necklace,11.00,,,,,1000,1000
SO-9715296,Forever Love Necklace,Gold Forever Love,16.00,,,,,1000,1000
SO-9715297,Forever Love Necklace,White Gold Forever Love Necklace,19.50,,,,,1000,1000
SO-9715298,Forever Love Necklace,Gold Forever Love,24.50,,,,,1000,1000
SO-9774194,Love Knot Necklace - Yellow & White Gold Variants,Love Knot Necklace (Gold),16.00,,,,,1000,1000
SO-9774195,Love Knot Necklace - Yellow & White Gold Variants,Love Knot Necklace,11.00,,,,,1000,1000
SO-9774196,Love Knot Necklace - Yellow & White Gold Variants,Love Knot Necklace (Gold),24.50,,,,,1000,1000
SO-9774197,Love Knot Necklace - Yellow & White Gold Variants,Love Knot Necklace,19.50,,,,,1000,1000
SO-9836017,Forever Love Necklace,White Gold Forever Love Necklace,11.00,,,,,1000,1000
SO-9836018,Forever Love Necklace,Gold Forever Love,16.00,,,,,1000,1000
SO-9836019,Forever Love Necklace,White Gold Forever Love Necklace,19.50,,,,,1000,1000
SO-9836020,Forever Love Necklace,Gold Forever Love,24.50,,,,,1000,1000
SO-9836712,Forever Love Necklace,White Gold Forever Love Necklace,11.00,,,,,1000,1000
SO-9836713,Forever Love Necklace,Gold Forever Love,16.00,,,,,1000,1000
SO-9836714,Forever Love Necklace,White Gold Forever Love Necklace,19.50,,,,,1000,1000
SO-9836715,Forever Love Necklace,Gold Forever Love,24.50,,,,,1000,1000
SO-9901119,Interlocking Hearts Necklace - Yellow & White Gold Variants,Interlocking Hearts Necklace (Gold),17.00,,,,,1000,1000
SO-9901120,Interlocking Hearts Necklace - Yellow & White Gold Variants,Interlocking Hearts Necklace,12.00,,,,,1000,1000
SO-9901121,Interlocking Hearts Necklace - Yellow & White Gold Variants,Interlocking Hearts Necklace (Gold),25.50,,,,,1000,1000
SO-9901122,Interlocking Hearts Necklace - Yellow & White Gold Variants,Interlocking Hearts Necklace,20.50,,,,,1000,1000
SO-9901655,Alluring Beauty Necklace - Yellow & White Gold Variants,Alluring Beauty Necklace (Gold),16.00,,,,,1000,1000
SO-9901656,Alluring Beauty Necklace - Yellow & White Gold Variants,Alluring Beauty Necklace,11.00,,,,,1000,1000
SO-9901657,Alluring Beauty Necklace - Yellow & White Gold Variants,Alluring Beauty Necklace (Gold),24.50,,,,,1000,1000
SO-9901658,Alluring Beauty Necklace - Yellow & White Gold Variants,Alluring Beauty Necklace,19.50,,,,,1000,1000
SO-9947795,Eternal Hope Necklace,Eternal Hope Necklace (Standard Box + MC),12.00,,,,,1000,1000
SO-9947796,Eternal Hope Necklace,Eternal Hope Necklace with Luxury Box & MC,20.50,,,,,1000,1000
SO-9959290,Forever Love Necklace,White Gold Forever Love Necklace,11.00,,,,,1000,1000
SO-9959291,Forever Love Necklace,Gold Forever Love,16.00,,,,,1000,1000
SO-9959292,Forever Love Necklace,White Gold Forever Love Necklace,19.50,,,,,1000,1000
SO-9959293,Forever Love Necklace,Gold Forever Love,24.50,,,,,1000,1000
SO-9959558,Forever Love Necklace,White Gold Forever Love Necklace,11.00,,,,,1000,1000
SO-9959559,Forever Love Necklace,Gold Forever Love,16.00,,,,,1000,1000
SO-9959560,Forever Love Necklace,White Gold Forever Love Necklace,19.50,,,,,1000,1000
SO-9959561,Forever Love Necklace,Gold Forever Love,24.50,,,,,1000,1000
SO-9959667,Forever Love Necklace,White Gold Forever Love Necklace,11.00,,,,,1000,1000
SO-9959668,Forever Love Necklace,Gold Forever Love,16.00,,,,,1000,1000
SO-9959669,Forever Love Necklace,White Gold Forever Love Necklace,19.50,,,,,1000,1000
SO-9959670,Forever Love Necklace,Gold Forever Love,24.50,,,,,1000,1000
SO-9960984,Forever Love Necklace,White Gold Forever Love Necklace,11.00,,,,,1000,1000
SO-9960985,Forever Love Necklace,Gold Forever Love,16.00,,,,,1000,1000
SO-9960986,Forever Love Necklace,White Gold Forever Love Necklace,19.50,,,,,1000,1000
SO-9960987,Forever Love Necklace,Gold Forever Love,24.50,,,,,1000,1000
SO-10019291,Forever Love Necklace,White Gold Forever Love Necklace,11.00,,,,,1000,1000
SO-10019292,Forever Love Necklace,Gold Forever Love,16.00,,,,,1000,1000
SO-10019293,Forever Love Necklace,White Gold Forever Love Necklace,19.50,,,,,1000,1000
SO-10019294,Forever Love Necklace,Gold Forever Love,24.50,,,,,1000,1000
SO-10035163,Heart Name Necklace,Name Necklace + Heart (w/MC),13.00,,,,,1000,1000
SO-10035164,Heart Name Necklace,Gold Name Necklace + Heart (w/MC),18.00,,,,,1000,1000
SO-10035165,Heart Name Necklace,Name Necklace + Heart (w/MC),21.50,,,,,1000,1000
SO-10035166,Heart Name Necklace,Gold Name Necklace + Heart (w/MC),26.50,,,,,1000,1000
SO-10059236,Forever Love Necklace,White Gold Forever Love Necklace,11.00,,,,,1000,1000
SO-10059237,Forever Love Necklace,Gold Forever Love,16.00,,,,,1000,1000
SO-10059238,Forever Love Necklace,White Gold Forever Love Necklace,19.50,,,,,1000,1000
SO-10059239,Forever Love Necklace,Gold Forever Love,24.50,,,,,1000,1000
SO-10084224,Signature Name Necklace - MC,Signature Name Necklace (w/MC),13.00,,,,,1000,1000
SO-10084225,Signature Name Necklace - MC,Gold Signature Name Necklace (w/MC),18.00,,,,,1000,1000
SO-10084226,Signature Name Necklace - MC,Signature Name Necklace (w/MC),21.50,,,,,1000,1000
SO-10084227,Signature Name Necklace - MC,Gold Signature Name Necklace (w/MC),26.50,,,,,1000,1000
SO-10095363,Forever Love Necklace,White Gold Forever Love Necklace,11.00,,,,,1000,1000
SO-10095364,Forever Love Necklace,Gold Forever Love,16.00,,,,,1000,1000
SO-10095365,Forever Love Necklace,White Gold Forever Love Necklace,19.50,,,,,1000,1000
SO-10095366,Forever Love Necklace,Gold Forever Love,24.50,,,,,1000,1000
SO-10096319,Forever Love Necklace,White Gold Forever Love Necklace,11.00,,,,,1000,1000
SO-10096320,Forever Love Necklace,Gold Forever Love,16.00,,,,,1000,1000
SO-10096321,Forever Love Necklace,White Gold Forever Love Necklace,19.50,,,,,1000,1000
SO-10096322,Forever Love Necklace,Gold Forever Love,24.50,,,,,1000,1000
SO-10146067,Eternal Hope Necklace,Eternal Hope Necklace (Standard Box + MC),12.00,,,,,1000,1000
SO-10146068,Eternal Hope Necklace,Eternal Hope Necklace with Luxury Box & MC,20.50,,,,,1000,1000
SO-10163876,Forever Love Necklace,White Gold Forever Love Necklace,11.00,,,,,1000,1000
SO-10163877,Forever Love Necklace,Gold Forever Love,16.00,,,,,1000,1000
SO-10163878,Forever Love Necklace,White Gold Forever Love Necklace,19.50,,,,,1000,1000
SO-10163879,Forever Love Necklace,Gold Forever Love,24.50,,,,,1000,1000
SO-10182084,Forever Love Necklace,White Gold Forever Love Necklace,11.00,,,,,1000,1000
SO-10182085,Forever Love Necklace,Gold Forever Love,16.00,,,,,1000,1000
SO-10182086,Forever Love Necklace,White Gold Forever Love Necklace,19.50,,,,,1000,1000
SO-10182087,Forever Love Necklace,Gold Forever Love,24.50,,,,,1000,1000
SO-10186521,Acrylic Puzzle Plaque,Acrylic Puzzle,9.50,,,,,1000,1000
SO-10205016,Forever Love Necklace,White Gold Forever Love Necklace,11.00,,,,,1000,1000
SO-10205017,Forever Love Necklace,Gold Forever Love,16.00,,,,,1000,1000
SO-10205018,Forever Love Necklace,White Gold Forever Love Necklace,19.50,,,,,1000,1000
SO-10205019,Forever Love Necklace,Gold Forever Love,24.50,,,,,1000,1000
SO-10219293,Love Knot Necklace - Yellow & White Gold Variants,Love Knot Necklace (Gold),16.00,,,,,1000,1000
SO-10219294,Love Knot Necklace - Yellow & White Gold Variants,Love Knot Necklace,11.00,,,,,1000,1000
SO-10219295,Love Knot Necklace - Yellow & White Gold Variants,Love Knot Necklace (Gold),24.50,,,,,1000,1000
SO-10219296,Love Knot Necklace - Yellow & White Gold Variants,Love Knot Necklace,19.50,,,,,1000,1000
SO-10221641,Love Knot Necklace - Yellow & White Gold Variants,Love Knot Necklace (Gold),16.00,,,,,1000,1000
SO-10221642,Love Knot Necklace - Yellow & White Gold Variants,Love Knot Necklace,11.00,,,,,1000,1000
SO-10221643,Love Knot Necklace - Yellow & White Gold Variants,Love Knot Necklace (Gold),24.50,,,,,1000,1000
SO-10221644,Love Knot Necklace - Yellow & White Gold Variants,Love Knot Necklace,19.50,,,,,1000,1000
SO-10224217,Alluring Beauty Necklace - Yellow & White Gold Variants,Alluring Beauty Necklace (Gold),16.00,,,,,1000,1000
SO-10224218,Alluring Beauty Necklace - Yellow & White Gold Variants,Alluring Beauty Necklace,11.00,,,,,1000,1000
SO-10224219,Alluring Beauty Necklace - Yellow & White Gold Variants,Alluring Beauty Necklace (Gold),24.50,,,,,1000,1000
SO-10224220,Alluring Beauty Necklace - Yellow & White Gold Variants,Alluring Beauty Necklace,19.50,,,,,1000,1000
SO-10282838,Love Knot Necklace - Yellow & White Gold Variants,Love Knot Necklace (Gold),16.00,,,,,1000,1000
SO-10282839,Love Knot Necklace - Yellow & White Gold Variants,Love Knot Necklace,11.00,,,,,1000,1000
SO-10282840,Love Knot Necklace - Yellow & White Gold Variants,Love Knot Necklace (Gold),24.50,,,,,1000,1000
SO-10282841,Love Knot Necklace - Yellow & White Gold Variants,Love Knot Necklace,19.50,,,,,1000,1000
SO-10293271,Forever Love Necklace,White Gold Forever Love Necklace,11.00,,,,,1000,1000
SO-10293272,Forever Love Necklace,Gold Forever Love,16.00,,,,,1000,1000
SO-10293273,Forever Love Necklace,White Gold Forever Love Necklace,19.50,,,,,1000,1000
SO-10293274,Forever Love Necklace,Gold Forever Love,24.50,,,,,1000,1000
SO-10296186,Eternal Hope Necklace,Eternal Hope Necklace (Standard Box + MC),12.00,,,,,1000,1000
SO-10296187,Eternal Hope Necklace,Eternal Hope Necklace with Luxury Box & MC,20.50,,,,,1000,1000
SO-10296188,Eternal Hope Necklace,Eternal Hope Necklace (Standard Box + MC),12.00,,,,,1000,1000
SO-10296189,Eternal Hope Necklace,Eternal Hope Necklace with Luxury Box & MC,20.50,,,,,1000,1000
SO-10296190,Eternal Hope Necklace,Eternal Hope Necklace (Standard Box + MC),12.00,,,,,1000,1000
SO-10296191,Eternal Hope Necklace,Eternal Hope Necklace with Luxury Box & MC,20.50,,,,,1000,1000
SO-10296302,Eternal Hope Necklace,Eternal Hope Necklace (Standard Box + MC),12.00,,,,,1000,1000
SO-10296303,Eternal Hope Necklace,Eternal Hope Necklace with Luxury Box & MC,20.50,,,,,1000,1000
SO-10300027,Love Knot Necklace - Yellow & White Gold Variants,Love Knot Necklace (Gold),16.00,,,,,1000,1000
SO-10300028,Love Knot Necklace - Yellow & White Gold Variants,Love Knot Necklace,11.00,,,,,1000,1000
SO-10300029,Love Knot Necklace - Yellow & White Gold Variants,Love Knot Necklace (Gold),24.50,,,,,1000,1000
SO-10300030,Love Knot Necklace - Yellow & White Gold Variants,Love Knot Necklace,19.50,,,,,1000,1000
SO-10307266,Love Knot Necklace - Yellow & White Gold Variants,Love Knot Necklace (Gold),16.00,,,,,1000,1000
SO-10307271,Love Knot Necklace - Yellow & White Gold Variants,Love Knot Necklace,11.00,,,,,1000,1000
SO-10307272,Love Knot Necklace - Yellow & White Gold Variants,Love Knot Necklace (Gold),24.50,,,,,1000,1000
SO-10307273,Love Knot Necklace - Yellow & White Gold Variants,Love Knot Necklace,19.50,,,,,1000,1000
SO-10321428,Love Knot Necklace - Yellow & White Gold Variants,Love Knot Necklace (Gold),16.00,,,,,1000,1000
SO-10321429,Love Knot Necklace - Yellow & White Gold Variants,Love Knot Necklace,11.00,,,,,1000,1000
SO-10321430,Love Knot Necklace - Yellow & White Gold Variants,Love Knot Necklace (Gold),24.50,,,,,1000,1000
SO-10321431,Love Knot Necklace - Yellow & White Gold Variants,Love Knot Necklace,19.50,,,,,1000,1000
SO-10321883,Love Knot Necklace - Yellow & White Gold Variants,Love Knot Necklace (Gold),16.00,,,,,1000,1000
SO-10321884,Love Knot Necklace - Yellow & White Gold Variants,Love Knot Necklace,11.00,,,,,1000,1000
SO-10321885,Love Knot Necklace - Yellow & White Gold Variants,Love Knot Necklace (Gold),24.50,,,,,1000,1000
SO-10321886,Love Knot Necklace - Yellow & White Gold Variants,Love Knot Necklace,19.50,,,,,1000,1000
SO-10321942,Love Knot Necklace - Yellow & White Gold Variants,Love Knot Necklace (Gold),16.00,,,,,1000,1000
SO-10321943,Love Knot Necklace - Yellow & White Gold Variants,Love Knot Necklace,11.00,,,,,1000,1000
SO-10321944,Love Knot Necklace - Yellow & White Gold Variants,Love Knot Necklace (Gold),24.50,,,,,1000,1000
SO-10321945,Love Knot Necklace - Yellow & White Gold Variants,Love Knot Necklace,19.50,,,,,1000,1000
SO-10330140,Forever Love Necklace,White Gold Forever Love Necklace,11.00,,,,,1000,1000
SO-10330141,Forever Love Necklace,Gold Forever Love,16.00,,,,,1000,1000
SO-10330142,Forever Love Necklace,White Gold Forever Love Necklace,19.50,,,,,1000,1000
SO-10330143,Forever Love Necklace,Gold Forever Love,24.50,,,,,1000,1000
SO-10330214,Forever Love Necklace,White Gold Forever Love Necklace,11.00,,,,,1000,1000
SO-10330215,Forever Love Necklace,Gold Forever Love,16.00,,,,,1000,1000
SO-10330216,Forever Love Necklace,White Gold Forever Love Necklace,19.50,,,,,1000,1000
SO-10330217,Forever Love Necklace,Gold Forever Love,24.50,,,,,1000,1000
SO-10330267,Love Knot Necklace - Yellow & White Gold Variants,Love Knot Necklace (Gold),16.00,,,,,1000,1000
SO-10330269,Love Knot Necklace - Yellow & White Gold Variants,Love Knot Necklace,11.00,,,,,1000,1000
SO-10330270,Love Knot Necklace - Yellow & White Gold Variants,Love Knot Necklace (Gold),24.50,,,,,1000,1000
SO-10330271,Love Knot Necklace - Yellow & White Gold Variants,Love Knot Necklace,19.50,,,,,1000,1000
SO-10331295,Forever Love Necklace,White Gold Forever Love Necklace,11.00,,,,,1000,1000
SO-10331296,Forever Love Necklace,Gold Forever Love,16.00,,,,,1000,1000
SO-10331297,Forever Love Necklace,White Gold Forever Love Necklace,19.50,,,,,1000,1000
SO-10331298,Forever Love Necklace,Gold Forever Love,24.50,,,,,1000,1000
SO-10334418,Love Knot Necklace - Yellow & White Gold Variants,Love Knot Necklace (Gold),16.00,,,,,1000,1000
SO-10334419,Love Knot Necklace - Yellow & White Gold Variants,Love Knot Necklace,11.00,,,,,1000,1000
SO-10334420,Love Knot Necklace - Yellow & White Gold Variants,Love Knot Necklace (Gold),24.50,,,,,1000,1000
SO-10334421,Love Knot Necklace - Yellow & White Gold Variants,Love Knot Necklace,19.50,,,,,1000,1000
SO-10354896,Eternal Hope Necklace,Eternal Hope Necklace (Standard Box + MC),12.00,,,,,1000,1000
SO-10354897,Eternal Hope Necklace,Eternal Hope Necklace with Luxury Box & MC,20.50,,,,,1000,1000
SO-10364844,Forever Love Necklace,White Gold Forever Love Necklace,11.00,,,,,1000,1000
SO-10364845,Forever Love Necklace,Gold Forever Love,16.00,,,,,1000,1000
SO-10364846,Forever Love Necklace,White Gold Forever Love Necklace,19.50,,,,,1000,1000
SO-10364847,Forever Love Necklace,Gold Forever Love,24.50,,,,,1000,1000
SO-10365017,Forever Love Necklace,White Gold Forever Love Necklace,11.00,,,,,1000,1000
SO-10365018,Forever Love Necklace,Gold Forever Love,16.00,,,,,1000,1000
SO-10365019,Forever Love Necklace,White Gold Forever Love Necklace,19.50,,,,,1000,1000
SO-10365020,Forever Love Necklace,Gold Forever Love,24.50,,,,,1000,1000
SO-10377113,Forever Love Necklace,White Gold Forever Love Necklace,11.00,,,,,1000,1000
SO-10377114,Forever Love Necklace,Gold Forever Love,16.00,,,,,1000,1000
SO-10377115,Forever Love Necklace,White Gold Forever Love Necklace,19.50,,,,,1000,1000
SO-10377116,Forever Love Necklace,Gold Forever Love,24.50,,,,,1000,1000
SO-10378805,Forever Love Necklace,White Gold Forever Love Necklace,11.00,,,,,1000,1000
SO-10378806,Forever Love Necklace,Gold Forever Love,16.00,,,,,1000,1000
SO-10378807,Forever Love Necklace,White Gold Forever Love Necklace,19.50,,,,,1000,1000
SO-10378808,Forever Love Necklace,Gold Forever Love,24.50,,,,,1000,1000
SO-10379053,Dog Tag Necklace - Engraved No MC,Engraved Dog Tag Stainless,7.00,,,,,1499,2595
SO-10379054,Dog Tag Necklace - Engraved No MC,Engraved Dog Tag Stainless,10.00,,,,,1499,2595
SO-10379055,Dog Tag Necklace - Engraved No MC,Engraved Dog Tag 18k,12.00,,,,,1499,2595
SO-10379056,Dog Tag Necklace - Engraved No MC,Engraved Dog Tag 18k,15.00,,,,,1499,2595
SO-10388530,Engraved Stainless Steel Cross Necklace,Personalized Cross Necklace with POD MC,15.00,,,,,1000,1000
SO-10388531,Engraved Stainless Steel Cross Necklace,Personalized Cross w/ Luxury Box & MC,23.00,,,,,1000,1000
SO-10389793,Love Knot Necklace - Yellow & White Gold Variants,Love Knot Necklace (Gold),16.00,,,,,1000,1000
SO-10389794,Love Knot Necklace - Yellow & White Gold Variants,Love Knot Necklace,11.00,,,,,1000,1000
SO-10389795,Love Knot Necklace - Yellow & White Gold Variants,Love Knot Necklace (Gold),24.50,,,,,1000,1000
SO-10389796,Love Knot Necklace - Yellow & White Gold Variants,Love Knot Necklace,19.50,,,,,1000,1000
SO-10390016,Forever Love Necklace,White Gold Forever Love Necklace,11.00,,,,,1000,1000
SO-10390017,Forever Love Necklace,Gold Forever Love,16.00,,,,,1000,1000
SO-10390018,Forever Love Necklace,White Gold Forever Love Necklace,19.50,,,,,1000,1000
SO-10390019,Forever Love Necklace,Gold Forever Love,24.50,,,,,1000,1000
SO-10391056,Eternal Hope Necklace,Eternal Hope Necklace (Standard Box + MC),12.00,,,,,1000,1000
SO-10391057,Eternal Hope Necklace,Eternal Hope Necklace with Luxury Box & MC,20.50,,,,,1000,1000
SO-10392160,Love Knot Necklace - Yellow & White Gold Variants,Love Knot Necklace (Gold),16.00,,,,,1000,1000
SO-10392161,Love Knot Necklace - Yellow & White Gold Variants,Love Knot Necklace,11.00,,,,,1000,1000
SO-10392162,Love Knot Necklace - Yellow & White Gold Variants,Love Knot Necklace (Gold),24.50,,,,,1000,1000
SO-10392163,Love Knot Necklace - Yellow & White Gold Variants,Love Knot Necklace,19.50,,,,,1000,1000
SO-10400982,Interlocking Hearts Necklace - Yellow & White Gold Variants,Interlocking Hearts Necklace (Gold),17.00,,,,,1000,1000
SO-10400983,Interlocking Hearts Necklace - Yellow & White Gold Variants,Interlocking Hearts Necklace,12.00,,,,,1000,1000
SO-10400984,Interlocking Hearts Necklace - Yellow & White Gold Variants,Interlocking Hearts Necklace (Gold),25.50,,,,,1000,1000
SO-10400985,Interlocking Hearts Necklace - Yellow & White Gold Variants,Interlocking Hearts Necklace,20.50,,,,,1000,1000
SO-10402492,Love Knot Necklace - Yellow & White Gold Variants,Love Knot Necklace (Gold),16.00,,,,,1000,1000
SO-10402493,Love Knot Necklace - Yellow & White Gold Variants,Love Knot Necklace,11.00,,,,,1000,1000
SO-10402494,Love Knot Necklace - Yellow & White Gold Variants,Love Knot Necklace (Gold),24.50,,,,,1000,1000
SO-10402495,Love Knot Necklace - Yellow & White Gold Variants,Love Knot Necklace,19.50,,,,,1000,1000
SO-10403447,Interlocking Hearts Necklace - Yellow & White Gold Variants,Interlocking Hearts Necklace (Gold),17.00,,,,,1000,1000
SO-10403448,Interlocking Hearts Necklace - Yellow & White Gold Variants,Interlocking Hearts Necklace,12.00,,,,,1000,1000
SO-10403449,Interlocking Hearts Necklace - Yellow & White Gold Variants,Interlocking Hearts Necklace (Gold),25.50,,,,,1000,1000
SO-10403450,Interlocking Hearts Necklace - Yellow & White Gold Variants,Interlocking Hearts Necklace,20.50,,,,,1000,1000
SO-10412171,Love Knot Necklace - Yellow & White Gold Variants,Love Knot Necklace (Gold),16.00,,,,,1000,1000
SO-10412172,Love Knot Necklace - Yellow & White Gold Variants,Love Knot Necklace,11.00,,,,,1000,1000
SO-10412173,Love Knot Necklace - Yellow & White Gold Variants,Love Knot Necklace (Gold),24.50,,,,,1000,1000
SO-10412174,Love Knot Necklace - Yellow & White Gold Variants,Love Knot Necklace,19.50,,,,,1000,1000
SO-10430985,Love Knot Necklace - Yellow & White Gold Variants,Love Knot Necklace (Gold),16.00,,,,,1000,1000
SO-10430988,Love Knot Necklace - Yellow & White Gold Variants,Love Knot Necklace,11.00,,,,,1000,1000
SO-10430989,Love Knot Necklace - Yellow & White Gold Variants,Love Knot Necklace (Gold),24.50,,,,,1000,1000
SO-10430990,Love Knot Necklace - Yellow & White Gold Variants,Love Knot Necklace,19.50,,,,,1000,1000
SO-10443322,Forever Love Necklace,White Gold Forever Love Necklace,11.00,,,,,1000,1000
SO-10443323,Forever Love Necklace,Gold Forever Love,16.00,,,,,1000,1000
SO-10443324,Forever Love Necklace,White Gold Forever Love Necklace,19.50,,,,,1000,1000
SO-10443325,Forever Love Necklace,Gold Forever Love,24.50,,,,,1000,1000
SO-10454841,Forever Love Necklace,White Gold Forever Love Necklace,11.00,,,,,1000,1000
SO-10454842,Forever Love Necklace,Gold Forever Love,16.00,,,,,1000,1000
SO-10454843,Forever Love Necklace,White Gold Forever Love Necklace,19.50,,,,,1000,1000
SO-10454844,Forever Love Necklace,Gold Forever Love,24.50,,,,,1000,1000
SO-10497001,Eternal Hope Necklace,Eternal Hope Necklace (Standard Box + MC),12.00,,,,,1000,1000
SO-10497003,Eternal Hope Necklace,Eternal Hope Necklace with Luxury Box & MC,20.50,,,,,1000,1000
SO-10498644,Alluring Beauty Necklace - Yellow & White Gold Variants,Alluring Beauty Necklace (Gold),16.00,,,,,1000,1000
SO-10498645,Alluring Beauty Necklace - Yellow & White Gold Variants,Alluring Beauty Necklace,11.00,,,,,1000,1000
SO-10498646,Alluring Beauty Necklace - Yellow & White Gold Variants,Alluring Beauty Necklace (Gold),24.50,,,,,1000,1000
SO-10498647,Alluring Beauty Necklace - Yellow & White Gold Variants,Alluring Beauty Necklace,19.50,,,,,1000,1000
SO-10510179,Eternal Hope Necklace,Eternal Hope Necklace (Standard Box + MC),12.00,,,,,1000,1000
SO-10510180,Eternal Hope Necklace,Eternal Hope Necklace with Luxury Box & MC,20.50,,,,,1000,1000
SO-10530568,Interlocking Hearts Necklace - Yellow & White Gold Variants,Interlocking Hearts Necklace (Gold),17.00,,,,,1000,1000
SO-10530569,Interlocking Hearts Necklace - Yellow & White Gold Variants,Interlocking Hearts Necklace,12.00,,,,,1000,1000
SO-10530570,Interlocking Hearts Necklace - Yellow & White Gold Variants,Interlocking Hearts Necklace (Gold),25.50,,,,,1000,1000
SO-10530571,Interlocking Hearts Necklace - Yellow & White Gold Variants,Interlocking Hearts Necklace,20.50,,,,,1000,1000
SO-10563967,Acrylic Square Plaque,Acrylic Square,11.50,,,,,1000,1000
SO-10563968,Acrylic Square Plaque,Acrylic Square with LED Corded Base,12.00,,,,,1000,1000
SO-10588617,Alluring Beauty Necklace - Yellow & White Gold Variants,Alluring Beauty Necklace (Gold),16.00,,,,,1000,1000
SO-10588618,Alluring Beauty Necklace - Yellow & White Gold Variants,Alluring Beauty Necklace,11.00,,,,,1000,1000
SO-10588619,Alluring Beauty Necklace - Yellow & White Gold Variants,Alluring Beauty Necklace (Gold),24.50,,,,,1000,1000
SO-10588620,Alluring Beauty Necklace - Yellow & White Gold Variants,Alluring Beauty Necklace,19.50,,,,,1000,1000
SO-10599106,Forever Love Necklace,White Gold Forever Love Necklace,11.00,,,,,1000,1000
SO-10599107,Forever Love Necklace,Gold Forever Love,16.00,,,,,1000,1000
SO-10599108,Forever Love Necklace,White Gold Forever Love Necklace,19.50,,,,,1000,1000
SO-10599109,Forever Love Necklace,Gold Forever Love,24.50,,,,,1000,1000
SO-10625396,Forever Love Necklace,White Gold Forever Love Necklace,11.00,,,,,1000,1000
SO-10625397,Forever Love Necklace,Gold Forever Love,16.00,,,,,1000,1000
SO-10625398,Forever Love Necklace,White Gold Forever Love Necklace,19.50,,,,,1000,1000
SO-10625399,Forever Love Necklace,Gold Forever Love,24.50,,,,,1000,1000
SO-10721802,Lucky In Love Necklace,Lucky in Love Necklace,12.77,,,,,1000,1000
SO-10721803,Lucky In Love Necklace,Lucky in Love Necklace with Luxury Box,21.27,,,,,1000,1000
SO-10749663,Love Knot Necklace - Yellow & White Gold Variants,Love Knot Necklace (Gold),16.00,,,,,1000,1000
SO-10749664,Love Knot Necklace - Yellow & White Gold Variants,Love Knot Necklace,11.00,,,,,1000,1000
SO-10749665,Love Knot Necklace - Yellow & White Gold Variants,Love Knot Necklace (Gold),24.50,,,,,1000,1000
SO-10749666,Love Knot Necklace - Yellow & White Gold Variants,Love Knot Necklace,19.50,,,,,1000,1000
SO-10758543,Love Knot Necklace - Yellow & White Gold Variants,Love Knot Necklace (Gold),16.00,,,,,1000,1000
SO-10758544,Love Knot Necklace - Yellow & White Gold Variants,Love Knot Necklace,11.00,,,,,1000,1000
SO-10758545,Love Knot Necklace - Yellow & White Gold Variants,Love Knot Necklace (Gold),24.50,,,,,1000,1000
SO-10758546,Love Knot Necklace - Yellow & White Gold Variants,Love Knot Necklace,19.50,,,,,1000,1000
SO-10758839,Forever Love Necklace,White Gold Forever Love Necklace,11.00,,,,,1000,1000
SO-10758840,Forever Love Necklace,Gold Forever Love,16.00,,,,,1000,1000
SO-10758841,Forever Love Necklace,White Gold Forever Love Necklace,19.50,,,,,1000,1000
SO-10758842,Forever Love Necklace,Gold Forever Love,24.50,,,,,1000,1000
SO-10775348,Forever Love Necklace,White Gold Forever Love Necklace,11.00,,,,,1000,1000
SO-10775349,Forever Love Necklace,Gold Forever Love,16.00,,,,,1000,1000
SO-10775350,Forever Love Necklace,White Gold Forever Love Necklace,19.50,,,,,1000,1000
SO-10775351,Forever Love Necklace,Gold Forever Love,24.50,,,,,1000,1000
SO-10789292,Forever Love Necklace,White Gold Forever Love Necklace,11.00,,,,,1000,1000
SO-10789293,Forever Love Necklace,Gold Forever Love,16.00,,,,,1000,1000
SO-10789294,Forever Love Necklace,White Gold Forever Love Necklace,19.50,,,,,1000,1000
SO-10789295,Forever Love Necklace,Gold Forever Love,24.50,,,,,1000,1000
SO-10805910,Forever Love Necklace,White Gold Forever Love Necklace,11.00,,,,,1000,1000
SO-10805911,Forever Love Necklace,Gold Forever Love,16.00,,,,,1000,1000
SO-10805912,Forever Love Necklace,White Gold Forever Love Necklace,19.50,,,,,1000,1000
SO-10805913,Forever Love Necklace,Gold Forever Love,24.50,,,,,1000,1000
SO-10820863,Eternal Hope Necklace,Eternal Hope Necklace (Standard Box + MC),12.00,,,,,1000,1000
SO-10820864,Eternal Hope Necklace,Eternal Hope Necklace with Luxury Box & MC,20.50,,,,,1000,1000
SO-10893674,Alluring Beauty Necklace - Yellow & White Gold Variants,Alluring Beauty Necklace (Gold),16.00,,,,,1000,1000
SO-10893675,Alluring Beauty Necklace - Yellow & White Gold Variants,Alluring Beauty Necklace,11.00,,,,,1000,1000
SO-10893676,Alluring Beauty Necklace - Yellow & White Gold Variants,Alluring Beauty Necklace (Gold),24.50,,,,,1000,1000
SO-10893677,Alluring Beauty Necklace - Yellow & White Gold Variants,Alluring Beauty Necklace,19.50,,,,,1000,1000
SO-10935592,Forever Love Necklace,White Gold Forever Love Necklace,11.00,,,,,1000,1000
SO-10935593,Forever Love Necklace,Gold Forever Love,16.00,,,,,1000,1000
SO-10935594,Forever Love Necklace,White Gold Forever Love Necklace,19.50,,,,,1000,1000
SO-10935595,Forever Love Necklace,Gold Forever Love,24.50,,,,,1000,1000
SO-10951901,Engraved Stainless Steel Cross Necklace,Personalized Cross Necklace with POD MC,15.00,,,,,1000,1000
SO-10951902,Engraved Stainless Steel Cross Necklace,Personalized Cross w/ Luxury Box & MC,23.00,,,,,1000,1000
SO-10971046,Forever Love Necklace,White Gold Forever Love Necklace,11.00,,,,,1000,1000
SO-10971047,Forever Love Necklace,Gold Forever Love,16.00,,,,,1000,1000
SO-10971048,Forever Love Necklace,White Gold Forever Love Necklace,19.50,,,,,1000,1000
SO-10971049,Forever Love Necklace,Gold Forever Love,24.50,,,,,1000,1000
SO-10971155,Love Knot Necklace - Yellow & White Gold Variants,Love Knot Necklace (Gold),16.00,,,,,1000,1000
SO-10971156,Love Knot Necklace - Yellow & White Gold Variants,Love Knot Necklace,11.00,,,,,1000,1000
SO-10971157,Love Knot Necklace - Yellow & White Gold Variants,Love Knot Necklace (Gold),24.50,,,,,1000,1000
SO-10971158,Love Knot Necklace - Yellow & White Gold Variants,Love Knot Necklace,19.50,,,,,1000,1000
SO-10971644,Engraved Stainless Steel Cross Necklace,Personalized Cross Necklace with POD MC,15.00,,,,,1000,1000
SO-10971645,Engraved Stainless Steel Cross Necklace,Personalized Cross w/ Luxury Box & MC,23.00,,,,,1000,1000
SO-10990375,Cuban Link Chain - Engraved Artisan Cross,Personalized Cross Necklace with Cuban Chain,15.50,,,,,1000,1000
SO-11047168,Engraved Stainless Steel Cross Necklace,Personalized Cross Necklace with POD MC,15.00,,,,,1000,1000
SO-11047169,Engraved Stainless Steel Cross Necklace,Personalized Cross w/ Luxury Box & MC,23.00,,,,,1000,1000
SO-11054099,Forever Love Necklace,White Gold Forever Love Necklace,11.00,,,,,1000,1000
SO-11054100,Forever Love Necklace,Gold Forever Love,16.00,,,,,1000,1000
SO-11054101,Forever Love Necklace,White Gold Forever Love Necklace,19.50,,,,,1000,1000
SO-11054102,Forever Love Necklace,Gold Forever Love,24.50,,,,,1000,1000
SO-11062612,Forever Love Necklace,White Gold Forever Love Necklace,11.00,,,,,1000,1000
SO-11062613,Forever Love Necklace,Gold Forever Love,16.00,,,,,1000,1000
SO-11062614,Forever Love Necklace,White Gold Forever Love Necklace,19.50,,,,,1000,1000
SO-11062615,Forever Love Necklace,Gold Forever Love,24.50,,,,,1000,1000
SO-11079736,Forever Love Necklace,White Gold Forever Love Necklace,11.00,,,,,1000,1000
SO-11079737,Forever Love Necklace,Gold Forever Love,16.00,,,,,1000,1000
SO-11079738,Forever Love Necklace,White Gold Forever Love Necklace,19.50,,,,,1000,1000
SO-11079739,Forever Love Necklace,Gold Forever Love,24.50,,,,,1000,1000
SO-11153420,Love Knot Necklace - Yellow & White Gold Variants,Love Knot Necklace (Gold),16.00,,,,,1000,1000
SO-11153421,Love Knot Necklace - Yellow & White Gold Variants,Love Knot Necklace,11.00,,,,,1000,1000
SO-11153422,Love Knot Necklace - Yellow & White Gold Variants,Love Knot Necklace (Gold),24.50,,,,,1000,1000
SO-11153423,Love Knot Necklace - Yellow & White Gold Variants,Love Knot Necklace,19.50,,,,,1000,1000
SO-11156971,Custom Name Necklace,Custom Name Necklace (w/MC),13.00,,,,,1000,1000
SO-11156972,Custom Name Necklace,Gold Custom Necklace (With Message Card),18.00,,,,,1000,1000
SO-11156973,Custom Name Necklace,Custom Name Necklace (w/MC),21.50,,,,,1000,1000
SO-11156974,Custom Name Necklace,Gold Custom Necklace (With Message Card),26.50,,,,,1000,1000
SO-11187535,Love Knot Necklace - Yellow & White Gold Variants,Love Knot Necklace (Gold),16.00,,,,,1000,1000
SO-11187536,Love Knot Necklace - Yellow & White Gold Variants,Love Knot Necklace,11.00,,,,,1000,1000
SO-11187537,Love Knot Necklace - Yellow & White Gold Variants,Love Knot Necklace (Gold),24.50,,,,,1000,1000
SO-11187538,Love Knot Necklace - Yellow & White Gold Variants,Love Knot Necklace,19.50,,,,,1000,1000
SO-11191137,Interlocking Hearts Necklace - Yellow & White Gold Variants,Interlocking Hearts Necklace (Gold),17.00,,,,,1000,1000
SO-11191138,Interlocking Hearts Necklace - Yellow & White Gold Variants,Interlocking Hearts Necklace,12.00,,,,,1000,1000
SO-11191139,Interlocking Hearts Necklace - Yellow & White Gold Variants,Interlocking Hearts Necklace (Gold),25.50,,,,,1000,1000
SO-11191140,Interlocking Hearts Necklace - Yellow & White Gold Variants,Interlocking Hearts Necklace,20.50,,,,,1000,1000
SO-11205187,Forever Love Necklace,White Gold Forever Love Necklace,11.00,,,,,1000,1000
SO-11205188,Forever Love Necklace,Gold Forever Love,16.00,,,,,1000,1000
SO-11205189,Forever Love Necklace,White Gold Forever Love Necklace,19.50,,,,,1000,1000
SO-11205190,Forever Love Necklace,Gold Forever Love,24.50,,,,,1000,1000
SO-11235444,Cuban Link Chain - Engraved Artisan Cross,Personalized Cross Necklace with Cuban Chain,15.50,,,,,1000,1000
SO-11238584,Love Knot Necklace - Yellow & White Gold Variants,Love Knot Necklace (Gold),16.00,,,,,1000,1000
SO-11238585,Love Knot Necklace - Yellow & White Gold Variants,Love Knot Necklace,11.00,,,,,1000,1000
SO-11238586,Love Knot Necklace - Yellow & White Gold Variants,Love Knot Necklace (Gold),24.50,,,,,1000,1000
SO-11238587,Love Knot Necklace - Yellow & White Gold Variants,Love Knot Necklace,19.50,,,,,1000,1000
SO-11240987,Forever Love Necklace,White Gold Forever Love Necklace,11.00,,,,,1000,1000
SO-11240988,Forever Love Necklace,Gold Forever Love,16.00,,,,,1000,1000
SO-11240989,Forever Love Necklace,White Gold Forever Love Necklace,19.50,,,,,1000,1000
SO-11240990,Forever Love Necklace,Gold Forever Love,24.50,,,,,1000,1000
SO-11241284,Love Knot Necklace - Yellow & White Gold Variants,Love Knot Necklace (Gold),16.00,,,,,1000,1000
SO-11241285,Love Knot Necklace - Yellow & White Gold Variants,Love Knot Necklace,11.00,,,,,1000,1000
SO-11241286,Love Knot Necklace - Yellow & White Gold Variants,Love Knot Necklace (Gold),24.50,,,,,1000,1000
SO-11241287,Love Knot Necklace - Yellow & White Gold Variants,Love Knot Necklace,19.50,,,,,1000,1000
SO-11313222,Alluring Beauty Necklace - Yellow & White Gold Variants,Alluring Beauty Necklace (Gold),16.00,,,,,1000,1000
SO-11313223,Alluring Beauty Necklace - Yellow & White Gold Variants,Alluring Beauty Necklace,11.00,,,,,1000,1000
SO-11313224,Alluring Beauty Necklace - Yellow & White Gold Variants,Alluring Beauty Necklace (Gold),24.50,,,,,1000,1000
SO-11313225,Alluring Beauty Necklace - Yellow & White Gold Variants,Alluring Beauty Necklace,19.50,,,,,1000,1000
SO-11314014,Eternal Hope Necklace,Eternal Hope Necklace (Standard Box + MC),12.00,,,,,1000,1000
SO-11314015,Eternal Hope Necklace,Eternal Hope Necklace with Luxury Box & MC,20.50,,,,,1000,1000
SO-11319041,Alluring Beauty Necklace & Earring Set,Alluring Beauty + Clear CZ Earrings,16.50,,,,,1000,1000
SO-11319044,Alluring Beauty Necklace & Earring Set,Alluring Beauty + Clear CZ Earrings,25.00,,,,,1000,1000
SO-11319045,Eternal Hope Necklace & Earring Set,Eternal Hope Necklace & Earring Set,17.50,,,,,1000,1000
SO-11319046,Eternal Hope Necklace & Earring Set,Eternal Hope Necklace & Earring Set,26.00,,,,,1000,1000
SO-11319047,Forever Love Necklace & Earring Set,Forever Love Necklace + Clear CZ Earrings,16.50,,,,,1000,1000
SO-11319048,Forever Love Necklace & Earring Set,Forever Love Necklace + Clear CZ Earrings,25.00,,,,,1000,1000
SO-11319049,Love Knot Necklace & Earring Set,Love Knot Necklace & Earring Set,21.50,,,,,1000,1000
SO-11319052,Love Knot Necklace & Earring Set,Love Knot Necklace & Earring Set + Mahogany Style Luxury Box,30.00,,,,,1000,1000
SO-11320317,Everlasting Love Necklace,Everlasting Love with Luxury Box & MC,118.00,,,,,1000,1000
SO-11320322,Lucky In Love Necklace,Lucky in Love Necklace,12.77,,,,,1000,1000
SO-11320323,Lucky In Love Necklace,Lucky in Love Necklace with Luxury Box,21.27,,,,,1000,1000
SO-11329015,Signature Name Necklace - MC,Signature Name Necklace (w/MC),13.00,,,,,1000,1000
SO-11329016,Signature Name Necklace - MC,Gold Signature Name Necklace (w/MC),18.00,,,,,1000,1000
SO-11329017,Signature Name Necklace - MC,Signature Name Necklace (w/MC),21.50,,,,,1000,1000
SO-11329018,Signature Name Necklace - MC,Gold Signature Name Necklace (w/MC),26.50,,,,,1000,1000
SO-11329019,Heart Name Necklace,Name Necklace + Heart (w/MC),13.00,,,,,1000,1000
SO-11329020,Heart Name Necklace,Gold Name Necklace + Heart (w/MC),18.00,,,,,1000,1000
SO-11329021,Heart Name Necklace,Name Necklace + Heart (w/MC),21.50,,,,,1000,1000
SO-11329022,Heart Name Necklace,Gold Name Necklace + Heart (w/MC),26.50,,,,,1000,1000
SO-11329213,Custom Name Necklace,Custom Name Necklace (w/MC),13.00,,,,,1000,1000
SO-11329214,Custom Name Necklace,Gold Custom Necklace (With Message Card),18.00,,,,,1000,1000
SO-11329215,Custom Name Necklace,Custom Name Necklace (w/MC),21.50,,,,,1000,1000
SO-11329216,Custom Name Necklace,Gold Custom Necklace (With Message Card),26.50,,,,,1000,1000
SO-11333495,Interlocking Hearts Necklace - Yellow & White Gold Variants,Interlocking Hearts Necklace (Gold),17.00,,,,,1000,1000
SO-11333496,Interlocking Hearts Necklace - Yellow & White Gold Variants,Interlocking Hearts Necklace,12.00,,,,,1000,1000
SO-11333497,Interlocking Hearts Necklace - Yellow & White Gold Variants,Interlocking Hearts Necklace (Gold),25.50,,,,,1000,1000
SO-11333498,Interlocking Hearts Necklace - Yellow & White Gold Variants,Interlocking Hearts Necklace,20.50,,,,,1000,1000
SO-11356952,Eternal Hope Necklace,Eternal Hope Necklace (Standard Box + MC),12.00,,,,,1000,1000
SO-11356953,Eternal Hope Necklace,Eternal Hope Necklace with Luxury Box & MC,20.50,,,,,1000,1000
SO-11371112,Forever Love Necklace,White Gold Forever Love Necklace,11.00,,,,,1000,1000
SO-11371113,Forever Love Necklace,Gold Forever Love,16.00,,,,,1000,1000
SO-11371114,Forever Love Necklace,White Gold Forever Love Necklace,19.50,,,,,1000,1000
SO-11371115,Forever Love Necklace,Gold Forever Love,24.50,,,,,1000,1000
SO-11398785,Love Knot Necklace - Yellow & White Gold Variants,Love Knot Necklace (Gold),16.00,,,,,1000,1000
SO-11398786,Love Knot Necklace - Yellow & White Gold Variants,Love Knot Necklace,11.00,,,,,1000,1000
SO-11398787,Love Knot Necklace - Yellow & White Gold Variants,Love Knot Necklace (Gold),24.50,,,,,1000,1000
SO-11398788,Love Knot Necklace - Yellow & White Gold Variants,Love Knot Necklace,19.50,,,,,1000,1000
SO-11408182,Acrylic Square Plaque,Acrylic Square,11.50,,,,,1000,1000
SO-11408185,Acrylic Square Plaque,Acrylic Square with LED Corded Base,12.00,,,,,1000,1000
SO-11467796,Alluring Beauty Necklace & Earring Set,Alluring Beauty + Clear CZ Earrings,16.50,,,,,1000,1000
SO-11467797,Alluring Beauty Necklace & Earring Set,Alluring Beauty + Clear CZ Earrings,25.00,,,,,1000,1000
SO-11471705,Acrylic Heart Plaque,Acrylic Heart,11.50,,,,,1000,1000
SO-11471706,Acrylic Heart Plaque,Acrylic Heart with LED Corded Base,12.00,,,,,1000,1000
SO-11471743,Acrylic Heart Plaque,Acrylic Heart,11.50,,,,,1000,1000
SO-11471745,Acrylic Heart Plaque,Acrylic Heart with LED Corded Base,12.00,,,,,1000,1000
SO-11504162,Forever Love Necklace,White Gold Forever Love Necklace,11.00,,,,,1000,1000
SO-11504164,Forever Love Necklace,Gold Forever Love,16.00,,,,,1000,1000
SO-11504165,Forever Love Necklace,White Gold Forever Love Necklace,19.50,,,,,1000,1000
SO-11504166,Forever Love Necklace,Gold Forever Love,24.50,,,,,1000,1000
SO-11504919,Forever Love Necklace,White Gold Forever Love Necklace,11.00,,,,,1000,1000
SO-11504920,Forever Love Necklace,Gold Forever Love,16.00,,,,,1000,1000
SO-11504921,Forever Love Necklace,White Gold Forever Love Necklace,19.50,,,,,1000,1000
SO-11504922,Forever Love Necklace,Gold Forever Love,24.50,,,,,1000,1000
SO-11504923,Interlocking Hearts Necklace - Yellow & White Gold Variants,Interlocking Hearts Necklace (Gold),17.00,,,,,1000,1000
SO-11504924,Interlocking Hearts Necklace - Yellow & White Gold Variants,Interlocking Hearts Necklace,12.00,,,,,1000,1000
SO-11504925,Interlocking Hearts Necklace - Yellow & White Gold Variants,Interlocking Hearts Necklace (Gold),25.50,,,,,1000,1000
SO-11504926,Interlocking Hearts Necklace - Yellow & White Gold Variants,Interlocking Hearts Necklace,20.50,,,,,1000,1000
SO-11505770,Alluring Beauty Necklace - Yellow & White Gold Variants,Alluring Beauty Necklace (Gold),16.00,,,,,1000,1000
SO-11505771,Alluring Beauty Necklace - Yellow & White Gold Variants,Alluring Beauty Necklace,11.00,,,,,1000,1000
SO-11505772,Alluring Beauty Necklace - Yellow & White Gold Variants,Alluring Beauty Necklace (Gold),24.50,,,,,1000,1000
SO-11505773,Alluring Beauty Necklace - Yellow & White Gold Variants,Alluring Beauty Necklace,19.50,,,,,1000,1000
SO-11520612,Acrylic Heart Block,Acrylic Heart (No Base),10.50,,,,,1000,1000
SO-11525705,Forever Love Necklace,White Gold Forever Love Necklace,11.00,,,,,1000,1000
SO-11525706,Forever Love Necklace,Gold Forever Love,16.00,,,,,1000,1000
SO-11525707,Forever Love Necklace,White Gold Forever Love Necklace,19.50,,,,,1000,1000
SO-11525708,Forever Love Necklace,Gold Forever Love,24.50,,,,,1000,1000
SO-11555361,Love Knot Necklace - Yellow & White Gold Variants,Love Knot Necklace (Gold),16.00,,,,,1000,1000
SO-11555362,Love Knot Necklace - Yellow & White Gold Variants,Love Knot Necklace,11.00,,,,,1000,1000
SO-11555363,Love Knot Necklace - Yellow & White Gold Variants,Love Knot Necklace (Gold),24.50,,,,,1000,1000
SO-11555364,Love Knot Necklace - Yellow & White Gold Variants,Love Knot Necklace,19.50,,,,,1000,1000
SO-11731379,Forever Love Necklace,White Gold Forever Love Necklace,11.00,,,,,1000,1000
SO-11731380,Forever Love Necklace,Gold Forever Love,16.00,,,,,1000,1000
SO-11731381,Forever Love Necklace,White Gold Forever Love Necklace,19.50,,,,,1000,1000
SO-11731382,Forever Love Necklace,Gold Forever Love,24.50,,,,,1000,1000
SO-12344054,Cuban Link Chain - Engraved Artisan Cross,Personalized Cross Necklace with Cuban Chain,15.50,,,,,1000,1000
SO-12736754,Forever Love Necklace with On Demand Message Card (Partner),Forever Love with POD MC (Partner),11.00,other,other,other,0,1000,1000
SO-12736755,Lucky In Love [PARTNER],Lucky in Love Necklace,12.77,other,other,other,0,1000,1000
SO-12736756,Heart Necklace - Engraving,Snake Chain (Silver),9.50,necklace,heart,stainless,0,2000,1959
SO-12736757,Forever Love Necklace with On Demand Message Card (Partner),Gold Forever Love (Partner),16.00,other,other,gold,0,1000,1000
SO-12736758,Acrylic Puzzle Plaque - BU,Buyer Upload - Acrylic Puzzle,9.50,other,other,other,0,1000,1000
SO-12736759,Lucky In Love [PARTNER],Lucky in Love Necklace with Luxury Box,21.27,other,other,other,0,1000,1000
SO-12736760,Acrylic Square Plaque - BU,Buyer Upload - Acrylic Square,11.50,other,other,other,0,1000,1000
SO-12736761,Forever Love Necklace - Gold ONLY - Luxury Box (Partner),Forever Love Necklace (Gold ONLY) + Standard Box (Partner),16.00,other,other,gold,0,1000,1000
SO-12736762,Heart Necklace - Engraving,Snake Chain (Silver),12.50,necklace,heart,stainless,2,2000,1959
SO-12736763,Heart Necklace - Engraving,Snake Chain (Gold),14.50,necklace,heart,gold,0,2000,1959
SO-12736764,Heart Necklace - Engraving,Snake Chain (Gold),17.50,necklace,heart,gold,2,2000,1959
SO-12736765,Stainless Cross Necklace w/ MC (Partner),Stainless Crafted Cross w/ POD MC,12.50,necklace,other,stainless,0,1000,1000
SO-12736766,[Partner] Interlocking Hearts Necklace - Yellow & White Gold Variants,Interlocking Hearts Necklace (Gold),17.00,other,other,gold,0,1000,1000
SO-12736767,Forever Love Necklace - Gold ONLY - Luxury Box (Partner),Forever Love Necklace (Gold ONLY) + Luxury Box (Partner),24.50,other,other,gold,0,1000,1000
SO-12736769,Stainless Cross Necklace w/ MC (Partner),Stainless Cross w/ Luxury Box & MC,20.50,other,other,stainless,0,1000,1000
SO-12736770,Engraved Acrylic Paw Plaque - (API/CSV),Engraved Acrylic Paw with LED Base w/Cord,15.00,other,other,other,0,1000,1000
SO-12736771,Graphic Circle Keychain (PARTNER),Circle Pendant with Keychain (Silver),7.50,other,circle,stainless,0,2000,2000
SO-12736772,[Partner] Interlocking Hearts Necklace - Yellow & White Gold Variants,Interlocking Hearts Necklace,12.00,other,other,stainless,0,1000,1000
SO-12736773,[Partner] Interlocking Hearts Necklace - Yellow & White Gold Variants,Interlocking Hearts Necklace (Gold),25.50,other,other,gold,0,1000,1000
SO-12736774,[Partner] Interlocking Hearts Necklace - Yellow & White Gold Variants,Interlocking Hearts Necklace,20.50,other,other,stainless,0,1000,1000
SO-12736776,Love Knot Earring & Necklace Set [PARTNER],Love Knot Necklace & Earring Set,21.50,other,other,other,0,1000,1000
SO-12736777,Acrylic Paw Print Plaque - BU,Acrylic Paw Print,11.50,other,other,other,0,1000,1000
SO-12736778,Engraved Acrylic Paw Plaque - (API/CSV),Battery LED Base - Engraved Acrylic Sign,16.00,other,other,other,0,1000,1000
SO-12736779,[PARTNER] Alluring Beauty Necklace - Yellow & White Gold Variants,Alluring Beauty Necklace (Gold),16.00,other,other,gold,0,1000,1000
SO-12736780,Love Knot Earring & Necklace Set [PARTNER],Love Knot Necklace & Earring Set + Mahogany Style Luxury Box,30.00,other,other,other,0,1000,1000
SO-12736783,Graphic Circle Keychain (PARTNER),Circle Pendant with Keychain (Silver),10.50,other,circle,stainless,2,2000,2000
SO-12736784,Graphic Circle Keychain (PARTNER),Circle Pendant with Keychain (Gold),12.50,other,circle,gold,0,2000,2000
SO-12736785,Graphic Circle Keychain (PARTNER),Circle Pendant with Keychain (Gold),15.50,other,circle,gold,2,2000,2000
SO-12736787,Acrylic Square Plaque - BU,Buyer Upload - Acrylic Square with LED Corded Base,12.00,other,other,other,0,1000,1000
SO-12736789,[PARTNER] Alluring Beauty Necklace - Yellow & White Gold Variants,Alluring Beauty Necklace,11.00,other,other,stainless,0,1000,1000
SO-12736790,[PARTNER] Alluring Beauty Necklace - Yellow & White Gold Variants,Alluring Beauty Necklace (Gold),24.50,other,other,gold,0,1000,1000
SO-12736791,[PARTNER] Alluring Beauty Necklace - Yellow & White Gold Variants,Alluring Beauty Necklace,19.50,other,other,stainless,0,1000,1000
SO-12736792,Acrylic Heart Block - BU,Buyer Upload Acrylic Heart Block,10.50,other,other,other,0,1000,1000
SO-12736794,Acrylic Paw Print Plaque - BU,Acrylic Paw Print with LED Corded Base,12.00,other,other,other,0,1000,1000
SO-12736795,Custom Name Necklace - BU MC  Partner,Custom Name Necklace (w/MC),13.00,other,other,stainless,0,1000,1000
SO-12736796,Acrylic Ornament Plaque - BU,Acrylic Ornament,8.00,other,other,other,0,1000,1000
SO-12736811,Engraved Acrylic Star Plaque - (API/CSV),Engraved Acrylic Star with LED Base w/Cord,12.00,other,other,other,0,1000,1000
SO-12736812,Custom Name Necklace - BU MC  Partner,Gold Custom Necklace (With Message Card),18.00,other,other,gold,0,1000,1000
SO-12736813,Custom Name Necklace - BU MC  Partner,Custom Name Necklace (w/MC),21.50,other,other,stainless,0,1000,1000
SO-12736814,Custom Name Necklace - BU MC  Partner,Gold Custom Necklace (With Message Card),26.50,other,other,gold,0,1000,1000
SO-12736815,Forever Love Necklace (Rhodium ONLY) + Luxury Box (PARTNER),Forever Love Necklace w/ POD MC,11.00,other,other,other,0,1000,1000
SO-12736817,Forever Love Necklace (Rhodium ONLY) + Luxury Box (PARTNER),Forever Love with MC & Luxury Box,19.50,other,other,other,0,1000,1000
SO-12736819,Engraved Acrylic Star Plaque - (API/CSV),Battery LED Base - Engraved Acrylic Sign,12.00,other,other,other,0,1000,1000
SO-12736821,Engraved Acrylic Heart Plaque - (API/CSV),Engraved Acrylic Heart with LED Base w/Cord,12.00,other,other,other,0,1000,1000
SO-12736822,Acrylic Ornament Plaque - BU,Acrylic Ornament with Gift Box,9.50,other,other,other,0,1000,1000
SO-12736823,Everlasting Love Necklace - (Partner),Everlasting Love with Luxury Box & MC,118.00,other,other,other,0,1000,1000
SO-12736826,Engraved Acrylic Dome Plaque - (API/CSV),Engraved Acrylic Dome with LED Base w/Cord,12.00,other,other,other,0,1000,1000
SO-12736827,Acrylic Star Plaque - BU,Acrylic Star,11.50,other,other,other,0,1000,1000
SO-12736829,Engraved Acrylic Heart Plaque - (API/CSV),Battery LED Base - Engraved Acrylic Sign,12.00,other,other,other,0,1000,1000
SO-12736832,Dog Tag Necklace - Engraving,Buyer Upload Dog Tag & Ball Chain (Steel),9.50,dog-chain,dogtag,stainless,0,1096,2000
SO-12736833,Eternal Hope Necklace [Partner],Eternal Hope Necklace (Standard Box + MC),12.00,other,other,other,0,1000,1000
SO-12736835,Acrylic Circle Plaque - BU,Acrylic Circle,11.50,other,other,other,0,1000,1000
SO-12736836,Engraved Acrylic Dome Plaque - (API/CSV),Battery LED Base - Engraved Acrylic Sign,12.00,other,other,other,0,1000,1000
SO-12736837,Acrylic Star Plaque - BU,Acrylic Star with LED Corded Base,12.00,other,other,other,0,1000,1000
SO-12736838,Engraved Acrylic Circle Plaque - (API/CSV),Engraved Acrylic Circle with LED Base w/Cord,12.00,other,other,other,0,1000,1000
SO-12736839,Circle Necklace - Engraving,Snake Chain (Silver),9.50,necklace,circle,stainless,0,2000,2000
SO-12736840,Eternal Hope Necklace [Partner],Eternal Hope Necklace with Luxury Box & MC,20.50,other,other,other,0,1000,1000
SO-12736843,Dog Tag Necklace - Engraving,Buyer Upload Dog Tag & Ball Chain (Steel),12.50,dog-chain,dogtag,stainless,2,1096,2000
SO-12736844,Dog Tag Necklace - Engraving,Buyer Upload Dog Tag & Ball Chain (Gold),14.50,dog-chain,dogtag,gold,0,1096,2000
SO-12736845,Dog Tag Necklace - Engraving,Buyer Upload Dog Tag & Ball Chain (Gold),17.50,dog-chain,dogtag,gold,2,1096,2000
SO-12736848,Circle Bangle - Luxury BU No MC,Bangle (Silver),9.50,bangle,circle,stainless,0,2000,2000
SO-12736854,Heart Bangle - Luxury BU No MC,Bangle (Silver),9.50,bangle,heart,stainless,0,2000,1959
SO-12736855,Engraved Acrylic Circle Plaque - (API/CSV),Battery LED Base - Engraved Acrylic Sign,12.00,other,other,other,0,1000,1000
SO-12736857,Circle Necklace - Engraving,Snake Chain (Gold),14.50,necklace,circle,gold,0,2000,2000
SO-12736858,Circle Necklace - Engraving,Snake Chain (Silver),12.50,necklace,circle,stainless,2,2000,2000
SO-12736859,Circle Necklace - Engraving,Snake Chain (Gold),17.50,necklace,circle,gold,2,2000,2000
SO-12736861,Circle Bangle - Luxury BU No MC,Bangle (Gold),14.50,bangle,circle,gold,0,2000,2000
SO-12736862,Circle Bangle - Luxury BU No MC,Bangle (Silver),12.50,bangle,circle,stainless,2,2000,2000
SO-12736863,Circle Bangle - Luxury BU No MC,Bangle (Gold),17.50,bangle,circle,gold,2,2000,2000
SO-12736864,Acrylic Circle Plaque - BU,Acrylic Circle with LED Corded Base,12.00,other,other,other,0,1000,1000
SO-12736865,Graphic Heart Keychain (PARTNER),Graphic Heart Keychain (Silver),7.50,other,heart,stainless,0,2000,1959
SO-12736866,Dog Tag with Swivel Keychain (PARTNER),Dog Tag with Swivel Keychain (Steel),7.50,other,dogtag,stainless,0,1096,2000
SO-12736868,Heart Bangle - Luxury BU No MC,Bangle (Gold),14.50,bangle,heart,gold,0,2000,1959
SO-12736869,Heart Bangle - Luxury BU No MC,Bangle (Silver),12.50,bangle,heart,stainless,2,2000,1959
SO-12736870,Heart Bangle - Luxury BU No MC,Bangle (Gold),17.50,bangle,heart,gold,2,2000,1959
SO-12736873,Acrylic Square Plaque - Engraved BU,Engraved Acrylic Square with LED Base w/Cord,12.00,other,other,other,0,1000,1000
SO-12736874,Dog Tag with Swivel Keychain (PARTNER),Dog Tag with Swivel Keychain (Steel),10.50,other,dogtag,stainless,2,1096,2000
SO-12736875,Dog Tag with Swivel Keychain (PARTNER),Dog Tag with Swivel Keychain (Gold),9.50,other,dogtag,gold,0,1096,2000
SO-12736876,Dog Tag with Swivel Keychain (PARTNER),Dog Tag with Swivel Keychain (Gold),12.50,other,dogtag,gold,2,1096,2000
SO-12736878,Graphic Heart Keychain (PARTNER),Graphic Heart Keychain (Silver),10.50,other,heart,stainless,2,2000,1959
SO-12736879,Graphic Heart Keychain (PARTNER),Graphic Heart Keychain (Gold),12.50,other,heart,gold,0,2000,1959
SO-12736880,Graphic Heart Keychain (PARTNER),Graphic Heart Keychain (Gold),15.50,other,heart,gold,2,2000,1959
SO-12736882,[Partner] Love Knot Necklace - Yellow & White Gold Variants,Love Knot Necklace (Gold),16.00,other,other,gold,0,1000,1000
SO-12736887,[Partner] Love Knot Necklace - Yellow & White Gold Variants,Love Knot Necklace,11.00,other,other,other,0,1000,1000
SO-12736888,[Partner] Love Knot Necklace - Yellow & White Gold Variants,Love Knot Necklace (Gold),24.50,other,other,gold,0,1000,1000
SO-12736889,[Partner] Love Knot Necklace - Yellow & White Gold Variants,Love Knot Necklace,19.50,other,other,other,0,1000,1000
SO-12736891,Acrylic Dome Plaque - BU,Acrylic Dome,11.50,other,other,other,0,1000,1000
SO-12736902,Acrylic Square Plaque - Engraved BU,Battery LED Base - Engraved Acrylic Sign,12.00,other,other,other,0,1000,1000
SO-12736903,Acrylic Heart Plaque - BU,Acrylic Heart,11.50,other,other,other,0,1000,1000
SO-12736904,Zodiac Symbol Necklace - BU,Zodiac Necklace,9.00,other,other,stainless,0,1000,1000
SO-12736912,Zodiac Symbol Necklace - BU,Zodiac Necklace,17.50,other,other,stainless,0,1000,1000
SO-12736913,Zodiac Symbol Necklace - BU,Gold Zodiac Necklace,14.00,other,other,gold,0,1000,1000
SO-12736914,Zodiac Symbol Necklace - BU,Gold Zodiac Necklace,22.50,other,other,gold,0,1000,1000
SO-12736915,Zodiac Symbol Necklace - BU,Zodiac Necklace,9.00,other,other,stainless,0,1000,1000
SO-12736916,Zodiac Symbol Necklace - BU,Zodiac Necklace,17.50,other,other,stainless,0,1000,1000
SO-12736917,Zodiac Symbol Necklace - BU,Gold Zodiac Necklace,14.00,other,other,gold,0,1000,1000
SO-12736918,Zodiac Symbol Necklace - BU,Gold Zodiac Necklace,22.50,other,other,gold,0,1000,1000
SO-12736919,Zodiac Symbol Necklace - BU,Zodiac Necklace,9.00,other,other,stainless,0,1000,1000
SO-12736920,Zodiac Symbol Necklace - BU,Zodiac Necklace,17.50,other,other,stainless,0,1000,1000
SO-12736921,Zodiac Symbol Necklace - BU,Gold Zodiac Necklace,14.00,other,other,gold,0,1000,1000
SO-12736922,Zodiac Symbol Necklace - BU,Gold Zodiac Necklace,22.50,other,other,gold,0,1000,1000
SO-12736923,Zodiac Symbol Necklace - BU,Zodiac Necklace,9.00,other,other,stainless,0,1000,1000
SO-12736924,Zodiac Symbol Necklace - BU,Zodiac Necklace,17.50,other,other,stainless,0,1000,1000
SO-12736925,Zodiac Symbol Necklace - BU,Gold Zodiac Necklace,14.00,other,other,gold,0,1000,1000
SO-12736926,Zodiac Symbol Necklace - BU,Gold Zodiac Necklace,22.50,other,other,gold,0,1000,1000
SO-12736927,Zodiac Symbol Necklace - BU,Zodiac Necklace,9.00,other,other,stainless,0,1000,1000
SO-12736928,Zodiac Symbol Necklace - BU,Zodiac Necklace,17.50,other,other,stainless,0,1000,1000
SO-12736929,Zodiac Symbol Necklace - BU,Gold Zodiac Necklace,14.00,other,other,gold,0,1000,1000
SO-12736930,Zodiac Symbol Necklace - BU,Gold Zodiac Necklace,22.50,other,other,gold,0,1000,1000
SO-12736931,Zodiac Symbol Necklace - BU,Zodiac Necklace,9.00,other,other,stainless,0,1000,1000
SO-12736932,Zodiac Symbol Necklace - BU,Zodiac Necklace,17.50,other,other,stainless,0,1000,1000
SO-12736933,Zodiac Symbol Necklace - BU,Gold Zodiac Necklace,14.00,other,other,gold,0,1000,1000
SO-12736934,Zodiac Symbol Necklace - BU,Gold Zodiac Necklace,22.50,other,other,gold,0,1000,1000
SO-12736935,Zodiac Symbol Necklace - BU,Zodiac Necklace,9.00,other,other,stainless,0,1000,1000
SO-12736936,Zodiac Symbol Necklace - BU,Zodiac Necklace,17.50,other,other,stainless,0,1000,1000
SO-12736937,Zodiac Symbol Necklace - BU,Gold Zodiac Necklace,14.00,other,other,gold,0,1000,1000
SO-12736938,Zodiac Symbol Necklace - BU,Gold Zodiac Necklace,22.50,other,other,gold,0,1000,1000
SO-12736939,Zodiac Symbol Necklace - BU,Zodiac Necklace,9.00,other,other,stainless,0,1000,1000
SO-12736940,Zodiac Symbol Necklace - BU,Zodiac Necklace,17.50,other,other,stainless,0,1000,1000
SO-12736941,Zodiac Symbol Necklace - BU,Gold Zodiac Necklace,14.00,other,other,gold,0,1000,1000
SO-12736942,Zodiac Symbol Necklace - BU,Gold Zodiac Necklace,22.50,other,other,gold,0,1000,1000
SO-12736943,Zodiac Symbol Necklace - BU,Zodiac Necklace,9.00,other,other,stainless,0,1000,1000
SO-12736944,Zodiac Symbol Necklace - BU,Zodiac Necklace,17.50,other,other,stainless,0,1000,1000
SO-12736945,Zodiac Symbol Necklace - BU,Gold Zodiac Necklace,14.00,other,other,gold,0,1000,1000
SO-12736946,Zodiac Symbol Necklace - BU,Gold Zodiac Necklace,22.50,other,other,gold,0,1000,1000
SO-12736947,Zodiac Symbol Necklace - BU,Zodiac Necklace,9.00,other,other,stainless,0,1000,1000
SO-12736948,Zodiac Symbol Necklace - BU,Zodiac Necklace,17.50,other,other,stainless,0,1000,1000
SO-12736949,Zodiac Symbol Necklace - BU,Gold Zodiac Necklace,14.00,other,other,gold,0,1000,1000
SO-12736950,Zodiac Symbol Necklace - BU,Gold Zodiac Necklace,22.50,other,other,gold,0,1000,1000
SO-12736951,Zodiac Symbol Necklace - BU,Zodiac Necklace,9.00,other,other,stainless,0,1000,1000
SO-12736952,Zodiac Symbol Necklace - BU,Zodiac Necklace,17.50,other,other,stainless,0,1000,1000
SO-12736953,Zodiac Symbol Necklace - BU,Gold Zodiac Necklace,14.00,other,other,gold,0,1000,1000
SO-12736954,Zodiac Symbol Necklace - BU,Gold Zodiac Necklace,22.50,other,other,gold,0,1000,1000
SO-12736955,Zodiac Symbol Necklace - BU,Zodiac Necklace,9.00,other,other,stainless,0,1000,1000
SO-12736956,Zodiac Symbol Necklace - BU,Zodiac Necklace,17.50,other,other,stainless,0,1000,1000
SO-12736957,Zodiac Symbol Necklace - BU,Gold Zodiac Necklace,14.00,other,other,gold,0,1000,1000
SO-12736958,Zodiac Symbol Necklace - BU,Gold Zodiac Necklace,22.50,other,other,gold,0,1000,1000
SO-12736960,Flower Name Necklace - (API / CSV),Flower Name Necklace,13.00,other,other,stainless,0,1000,1000
SO-12736961,Acrylic Dome Plaque - BU,Acrylic Dome with LED Corded Base,12.00,other,other,other,0,1000,1000
SO-12736964,Love You Forever Bracelet - API,Love You Forever Bracelet,13.00,other,other,other,0,1000,1000
SO-12736966,Acrylic Heart Plaque - BU,Acrylic Heart with LED Corded Base,12.00,other,other,other,0,1000,1000
SO-12736967,Flower Name Necklace - (API / CSV),Gold Flower Necklace,18.00,other,other,gold,0,1000,1000
SO-12736968,Flower Name Necklace - (API / CSV),Flower Name Necklace,21.50,other,other,stainless,0,1000,1000
SO-12736969,Flower Name Necklace - (API / CSV),Gold Flower Necklace,26.50,other,other,gold,0,1000,1000
SO-12736970,Flower Name Necklace - (API / CSV),Flower Name Necklace,13.00,other,other,stainless,0,1000,1000
SO-12736971,Flower Name Necklace - (API / CSV),Gold Flower Necklace,18.00,other,other,gold,0,1000,1000
SO-12736972,Flower Name Necklace - (API / CSV),Flower Name Necklace,21.50,other,other,stainless,0,1000,1000
SO-12736973,Flower Name Necklace - (API / CSV),Gold Flower Necklace,26.50,other,other,gold,0,1000,1000
SO-12736974,Flower Name Necklace - (API / CSV),Flower Name Necklace,13.00,other,other,stainless,0,1000,1000
SO-12736975,Flower Name Necklace - (API / CSV),Gold Flower Necklace,18.00,other,other,gold,0,1000,1000
SO-12736977,Flower Name Necklace - (API / CSV),Flower Name Necklace,21.50,other,other,stainless,0,1000,1000
SO-12736978,Flower Name Necklace - (API / CSV),Gold Flower Necklace,26.50,other,other,gold,0,1000,1000
SO-12736979,Flower Name Necklace - (API / CSV),Flower Name Necklace,13.00,other,other,stainless,0,1000,1000
SO-12736980,Flower Name Necklace - (API / CSV),Gold Flower Necklace,18.00,other,other,gold,0,1000,1000
SO-12736981,Flower Name Necklace - (API / CSV),Flower Name Necklace,21.50,other,other,stainless,0,1000,1000
SO-12736982,Flower Name Necklace - (API / CSV),Gold Flower Necklace,26.50,other,other,gold,0,1000,1000
SO-12736983,Flower Name Necklace - (API / CSV),Flower Name Necklace,13.00,other,other,stainless,0,1000,1000
SO-12736984,Flower Name Necklace - (API / CSV),Gold Flower Necklace,18.00,other,other,gold,0,1000,1000
SO-12736985,Flower Name Necklace - (API / CSV),Flower Name Necklace,21.50,other,other,stainless,0,1000,1000
SO-12736986,Flower Name Necklace - (API / CSV),Gold Flower Necklace,26.50,other,other,gold,0,1000,1000
SO-12736987,Flower Name Necklace - (API / CSV),Flower Name Necklace,13.00,other,other,stainless,0,1000,1000
SO-12736988,Flower Name Necklace - (API / CSV),Gold Flower Necklace,18.00,other,other,gold,0,1000,1000
SO-12736989,Flower Name Necklace - (API / CSV),Flower Name Necklace,21.50,other,other,stainless,0,1000,1000
SO-12736990,Flower Name Necklace - (API / CSV),Gold Flower Necklace,26.50,other,other,gold,0,1000,1000
SO-12736991,Flower Name Necklace - (API / CSV),Flower Name Necklace,13.00,other,other,stainless,0,1000,1000
SO-12736992,Flower Name Necklace - (API / CSV),Gold Flower Necklace,18.00,other,other,gold,0,1000,1000
SO-12736993,Flower Name Necklace - (API / CSV),Flower Name Necklace,21.50,other,other,stainless,0,1000,1000
SO-12736994,Flower Name Necklace - (API / CSV),Gold Flower Necklace,26.50,other,other,gold,0,1000,1000
SO-12736995,Flower Name Necklace - (API / CSV),Flower Name Necklace,13.00,other,other,stainless,0,1000,1000
SO-12736996,Flower Name Necklace - (API / CSV),Gold Flower Necklace,18.00,other,other,gold,0,1000,1000
SO-12736997,Flower Name Necklace - (API / CSV),Flower Name Necklace,21.50,other,other,stainless,0,1000,1000
SO-12736998,Flower Name Necklace - (API / CSV),Gold Flower Necklace,26.50,other,other,gold,0,1000,1000
SO-12736999,Flower Name Necklace - (API / CSV),Flower Name Necklace,13.00,other,other,stainless,0,1000,1000
SO-12737000,Flower Name Necklace - (API / CSV),Gold Flower Necklace,18.00,other,other,gold,0,1000,1000
SO-12737001,Flower Name Necklace - (API / CSV),Flower Name Necklace,21.50,other,other,stainless,0,1000,1000
SO-12737002,Flower Name Necklace - (API / CSV),Gold Flower Necklace,26.50,other,other,gold,0,1000,1000
SO-12737003,Flower Name Necklace - (API / CSV),Flower Name Necklace,13.00,other,other,stainless,0,1000,1000
SO-12737004,Flower Name Necklace - (API / CSV),Gold Flower Necklace,18.00,other,other,gold,0,1000,1000
SO-12737005,Flower Name Necklace - (API / CSV),Flower Name Necklace,21.50,other,other,stainless,0,1000,1000
SO-12737006,Flower Name Necklace - (API / CSV),Gold Flower Necklace,26.50,other,other,gold,0,1000,1000
SO-12737007,Flower Name Necklace - (API / CSV),Flower Name Necklace,13.00,other,other,stainless,0,1000,1000
SO-12737008,Flower Name Necklace - (API / CSV),Gold Flower Necklace,18.00,other,other,gold,0,1000,1000
SO-12737009,Flower Name Necklace - (API / CSV),Flower Name Necklace,21.50,other,other,stainless,0,1000,1000
SO-12737010,Flower Name Necklace - (API / CSV),Gold Flower Necklace,26.50,other,other,gold,0,1000,1000
SO-12737011,Flower Name Necklace - (API / CSV),Flower Name Necklace,13.00,other,other,stainless,0,1000,1000
SO-12737012,Flower Name Necklace - (API / CSV),Gold Flower Necklace,18.00,other,other,gold,0,1000,1000
SO-12737013,Flower Name Necklace - (API / CSV),Flower Name Necklace,21.50,other,other,stainless,0,1000,1000
SO-12737014,Flower Name Necklace - (API / CSV),Gold Flower Necklace,26.50,other,other,gold,0,1000,1000
SO-12737016,Love You Forever Bracelet - API,Love You Forever Bracelet w/ Luxury Box & LED,21.50,other,other,other,0,1000,1000
SO-12737021,Men's Cross Bracelet - API,Men's Cross Bracelet,9.00,other,other,other,0,1000,1000
SO-12737022,Men's Cross Bracelet - API,Men's Cross Bracelet (LUX BOX),17.50,other,other,other,0,1000,1000
SO-12840021,Interlocking Hearts Necklace - Yellow & White Gold Variants,Interlocking Hearts Necklace (Gold),17.00,,,,,1000,1000
SO-12840022,Interlocking Hearts Necklace - Yellow & White Gold Variants,Interlocking Hearts Necklace,12.00,,,,,1000,1000
SO-12840023,Interlocking Hearts Necklace - Yellow & White Gold Variants,Interlocking Hearts Necklace (Gold),25.50,,,,,1000,1000
SO-12840024,Interlocking Hearts Necklace - Yellow & White Gold Variants,Interlocking Hearts Necklace,20.50,,,,,1000,1000
SO-12840065,Love Knot Necklace - Yellow & White Gold Variants,Love Knot Necklace (Gold),16.00,,,,,1000,1000
SO-12840066,Love Knot Necklace - Yellow & White Gold Variants,Love Knot Necklace,11.00,,,,,1000,1000
SO-12840067,Love Knot Necklace - Yellow & White Gold Variants,Love Knot Necklace (Gold),24.50,,,,,1000,1000
SO-12840068,Love Knot Necklace - Yellow & White Gold Variants,Love Knot Necklace,19.50,,,,,1000,1000
SO-13149426,Love You Forever Bracelet,Love You Forever Bracelet,13.00,,,,,1000,1000
SO-13149427,Love You Forever Bracelet,Love You Forever Bracelet w/ Luxury Box & LED,21.50,,,,,1000,1000
SO-13151939,Acrylic Square Plaque,Acrylic Square,11.50,,,,,1000,1000
SO-13151940,Acrylic Square Plaque,Acrylic Square with LED Corded Base,12.00,,,,,1000,1000
SO-13973161,Love Knot Necklace - Yellow & White Gold Variants,Love Knot Necklace (Gold),16.00,,,,,1000,1000
SO-13973162,Love Knot Necklace - Yellow & White Gold Variants,Love Knot Necklace,11.00,,,,,1000,1000
SO-13973163,Love Knot Necklace - Yellow & White Gold Variants,Love Knot Necklace (Gold),24.50,,,,,1000,1000
SO-13973164,Love Knot Necklace - Yellow & White Gold Variants,Love Knot Necklace,19.50,,,,,1000,1000
SO-13976548,Love Knot Necklace - Yellow & White Gold Variants,Love Knot Necklace (Gold),16.00,,,,,1000,1000
SO-13976549,Love Knot Necklace - Yellow & White Gold Variants,Love Knot Necklace,11.00,,,,,1000,1000
SO-13976550,Love Knot Necklace - Yellow & White Gold Variants,Love Knot Necklace (Gold),24.50,,,,,1000,1000
SO-13976551,Love Knot Necklace - Yellow & White Gold Variants,Love Knot Necklace,19.50,,,,,1000,1000
SO-13978031,Love Knot Necklace - Yellow & White Gold Variants,Love Knot Necklace (Gold),16.00,,,,,1000,1000
SO-13978032,Love Knot Necklace - Yellow & White Gold Variants,Love Knot Necklace,11.00,,,,,1000,1000
SO-13978033,Love Knot Necklace - Yellow & White Gold Variants,Love Knot Necklace (Gold),24.50,,,,,1000,1000
SO-13978034,Love Knot Necklace - Yellow & White Gold Variants,Love Knot Necklace,19.50,,,,,1000,1000
SO-14064562,Love Knot Necklace - Yellow & White Gold Variants,Love Knot Necklace (Gold),16.00,,,,,1000,1000
SO-14064563,Love Knot Necklace - Yellow & White Gold Variants,Love Knot Necklace,11.00,,,,,1000,1000
SO-14064564,Love Knot Necklace - Yellow & White Gold Variants,Love Knot Necklace (Gold),24.50,,,,,1000,1000
SO-14064565,Love Knot Necklace - Yellow & White Gold Variants,Love Knot Necklace,19.50,,,,,1000,1000
SO-14243073,Forever Love Necklace,White Gold Forever Love Necklace,11.00,,,,,1000,1000
SO-14243074,Forever Love Necklace,Gold Forever Love,16.00,,,,,1000,1000
SO-14243075,Forever Love Necklace,White Gold Forever Love Necklace,19.50,,,,,1000,1000
SO-14243076,Forever Love Necklace,Gold Forever Love,24.50,,,,,1000,1000
SO-14246109,Forever Love Necklace,White Gold Forever Love Necklace,11.00,,,,,1000,1000
SO-14246110,Forever Love Necklace,Gold Forever Love,16.00,,,,,1000,1000
SO-14246111,Forever Love Necklace,White Gold Forever Love Necklace,19.50,,,,,1000,1000
SO-14246112,Forever Love Necklace,Gold Forever Love,24.50,,,,,1000,1000
SO-14247623,Forever Love Necklace,White Gold Forever Love Necklace,11.00,,,,,1000,1000
SO-14247624,Forever Love Necklace,Gold Forever Love,16.00,,,,,1000,1000
SO-14247625,Forever Love Necklace,White Gold Forever Love Necklace,19.50,,,,,1000,1000
SO-14247626,Forever Love Necklace,Gold Forever Love,24.50,,,,,1000,1000
SO-14276444,Forever Love Necklace,White Gold Forever Love Necklace,11.00,,,,,1000,1000
SO-14276445,Forever Love Necklace,Gold Forever Love,16.00,,,,,1000,1000
SO-14276446,Forever Love Necklace,White Gold Forever Love Necklace,19.50,,,,,1000,1000
SO-14276447,Forever Love Necklace,Gold Forever Love,24.50,,,,,1000,1000
SO-14286980,Love Knot Necklace - Yellow & White Gold Variants,Love Knot Necklace (Gold),16.00,,,,,1000,1000
SO-14286981,Love Knot Necklace - Yellow & White Gold Variants,Love Knot Necklace,11.00,,,,,1000,1000
SO-14286982,Love Knot Necklace - Yellow & White Gold Variants,Love Knot Necklace (Gold),24.50,,,,,1000,1000
SO-14286983,Love Knot Necklace - Yellow & White Gold Variants,Love Knot Necklace,19.50,,,,,1000,1000
SO-14339795,Interlocking Hearts Necklace - Yellow & White Gold Variants,Interlocking Hearts Necklace (Gold),17.00,,,,,1000,1000
SO-14339796,Interlocking Hearts Necklace - Yellow & White Gold Variants,Interlocking Hearts Necklace,12.00,,,,,1000,1000
SO-14339797,Interlocking Hearts Necklace - Yellow & White Gold Variants,Interlocking Hearts Necklace (Gold),25.50,,,,,1000,1000
SO-14339798,Interlocking Hearts Necklace - Yellow & White Gold Variants,Interlocking Hearts Necklace,20.50,,,,,1000,1000
SO-14610326,Acrylic Square Plaque,Acrylic Square with LED Corded Base,12.00,,,,,1000,1000
SO-14610327,Acrylic Square Plaque,Acrylic Square with Battery Powered Base,12.00,,,,,1000,1000
SO-14958046,Love Knot Necklace - Yellow & White Gold Variants,Love Knot Necklace (Gold),16.00,,,,,1000,1000
SO-14958047,Love Knot Necklace - Yellow & White Gold Variants,Love Knot Necklace,11.00,,,,,1000,1000
SO-14958048,Love Knot Necklace - Yellow & White Gold Variants,Love Knot Necklace (Gold),24.50,,,,,1000,1000
SO-14958049,Love Knot Necklace - Yellow & White Gold Variants,Love Knot Necklace,19.50,,,,,1000,1000
SO-15223735,Love Knot Necklace - Yellow & White Gold Variants,Love Knot Necklace (Gold),16.00,,,,,1000,1000
SO-15223736,Love Knot Necklace - Yellow & White Gold Variants,Love Knot Necklace,11.00,,,,,1000,1000
SO-15223737,Love Knot Necklace - Yellow & White Gold Variants,Love Knot Necklace (Gold),24.50,,,,,1000,1000
SO-15223738,Love Knot Necklace - Yellow & White Gold Variants,Love Knot Necklace,19.50,,,,,1000,1000
